,pdb_id,wild_type,chain,position,mutant,PH,TEMPERATURE,ddg
0,1A43A,G,A,156,A,7.3,25.0,2.4
1,1A43A,E,A,159,D,7.3,25.0,4.55
2,1A43A,R,A,167,A,7.3,25.0,4.55
3,1A43A,W,A,184,A,7.3,25.0,0.7
4,1A43A,C,A,218,S,7.3,25.0,3.7
5,1A5EA,W,A,15,D,8.5,20.0,-0.19
6,1A5EA,L,A,37,S,8.5,20.0,-0.81
7,1A5EA,L,A,121,R,8.5,20.0,-0.55
8,1AEPA,L,A,14,K,7.4,25.0,1.18
9,1AEPA,T,A,28,A,7.4,25.0,-0.48
10,1AEPA,A,A,137,K,7.4,25.0,1.4
11,1AEPA,T,A,141,A,7.4,25.0,1.03
12,1AG2A,M,A,129,V,7.0,25.0,0.11
13,1AG2A,F,A,175,W,7.0,22.0,0.05
14,1AG2A,V,A,180,I,7.0,25.0,0.25
15,1AG2A,T,A,183,A,7.0,25.0,4.04
16,1AG2A,T,A,190,V,7.0,25.0,-0.19
17,1AG2A,F,A,198,S,7.0,25.0,2.15
18,1AG2A,E,A,200,K,7.0,25.0,0.23
19,1AG2A,R,A,208,H,7.0,25.0,1.05
20,1AG2A,V,A,210,I,7.0,25.0,0.07
21,1AG2A,Q,A,217,R,7.0,25.0,1.88
22,1AJ3A,H,A,10,A,7.0,25.0,-0.5
23,1AJ3A,H,A,10,G,7.0,25.0,0.5
24,1AJ3A,F,A,12,A,7.0,25.0,3.7
25,1AJ3A,F,A,12,L,7.0,25.0,1.3
26,1AJ3A,R,A,14,A,7.0,25.0,0.3
27,1AJ3A,R,A,14,G,7.0,25.0,1.9
28,1AJ3A,M,A,16,A,7.0,25.0,2.2
29,1AJ3A,D,A,17,A,7.0,25.0,0.2
30,1AJ3A,D,A,17,G,7.0,25.0,1.2
31,1AJ3A,S,A,21,A,7.0,25.0,-0.5
32,1AJ3A,S,A,21,G,7.0,25.0,0.5
33,1AJ3A,W,A,22,F,7.5,25.0,1.31
34,1AJ3A,I,A,23,A,7.0,25.0,3.6
35,1AJ3A,I,A,23,V,7.0,25.0,1.6
36,1AJ3A,E,A,25,A,7.0,25.0,-0.1
37,1AJ3A,E,A,25,G,7.0,25.0,1.1
38,1AJ3A,K,A,26,A,7.0,25.0,-0.0
39,1AJ3A,V,A,30,A,7.0,25.0,0.2
40,1AJ3A,T,A,40,A,7.0,25.0,-0.3
41,1AJ3A,T,A,40,G,7.0,25.0,0.1
42,1AJ3A,V,A,42,A,7.0,25.0,0.4
43,1AJ3A,N,A,44,A,7.0,25.0,-0.2
44,1AJ3A,N,A,44,G,7.0,25.0,0.4
45,1AJ3A,L,A,45,A,7.0,25.0,0.2
46,1AJ3A,K,A,47,A,7.0,25.0,-0.4
47,1AJ3A,K,A,47,G,7.0,25.0,0.5
48,1AJ3A,H,A,49,A,7.0,25.0,1.4
49,1AJ3A,R,A,51,A,7.0,25.0,-0.3
50,1AJ3A,R,A,51,G,7.0,25.0,0.6
51,1AJ3A,L,A,52,A,7.0,25.0,2.8
52,1AJ3A,A,A,54,G,7.0,25.0,1.1
53,1AJ3A,L,A,56,A,7.0,25.0,3.8
54,1AJ3A,A,A,58,G,7.0,25.0,1.1
55,1AJ3A,H,A,59,A,7.0,25.0,2.3
56,1AJ3A,I,A,63,A,7.0,25.0,2.8
57,1AJ3A,I,A,63,V,7.0,25.0,0.6
58,1AJ3A,Q,A,64,A,7.0,25.0,0.7
59,1AJ3A,Q,A,64,G,7.0,25.0,1.8
60,1AJ3A,V,A,66,A,7.0,25.0,2.3
61,1AJ3A,D,A,68,A,7.0,25.0,0.1
62,1AJ3A,D,A,68,G,7.0,25.0,1.3
63,1AJ3A,K,A,72,A,7.0,25.0,0.1
64,1AJ3A,K,A,72,G,7.0,25.0,1.4
65,1AJ3A,L,A,73,A,7.0,25.0,2.4
66,1AJ3A,I,A,84,A,7.0,25.0,2.0
67,1AJ3A,I,A,84,V,7.0,25.0,0.6
68,1AJ3A,Q,A,86,A,7.0,25.0,-0.0
69,1AJ3A,Q,A,86,G,7.0,25.0,1.3
70,1AJ3A,L,A,88,A,7.0,25.0,2.8
71,1AJ3A,A,A,89,G,7.0,25.0,1.1
72,1AJ3A,F,A,91,A,7.0,25.0,2.8
73,1AJ3A,F,A,91,L,7.0,25.0,-0.5
74,1AJ3A,D,A,93,A,7.0,25.0,-0.7
75,1AJ3A,D,A,93,G,7.0,25.0,0.3
76,1AJ3A,W,A,95,F,7.0,25.0,2.1
77,1AJ3A,K,A,96,A,7.0,25.0,0.4
78,1AJ3A,K,A,96,G,7.0,25.0,1.3
79,1AJ3A,L,A,98,A,7.0,25.0,3.8
80,1AJ3A,Q,A,100,A,7.0,25.0,-0.4
81,1AJ3A,Q,A,100,G,7.0,25.0,0.7
82,1AJ3A,A,A,102,G,7.0,25.0,2.6
83,1AJ3A,A,A,104,G,7.0,25.0,1.8
84,1AJ3A,R,A,105,A,7.0,25.0,-0.0
85,1AKYA,V,A,8,I,7.5,25.0,1.2
86,1AKYA,Q,A,48,E,7.7,25.0,0.96
87,1AKYA,T,A,77,H,6.4,25.0,0.9
88,1AKYA,T,A,110,H,6.3,25.0,2.13
89,1AKYA,N,A,169,D,7.5,25.0,2.15
90,1AKYA,I,A,213,F,7.5,25.0,1.91
91,1AM7A,H,A,31,D,7.0,25.0,1.6
92,1AM7A,H,A,48,N,7.0,25.0,5.0
93,1AMQA,C,A,82,A,7.5,25.0,0.45
94,1AMQA,C,A,82,S,7.5,25.0,2.44
95,1AMQA,C,A,191,A,7.5,25.0,1.12
96,1AMQA,C,A,191,F,7.5,25.0,0.9
97,1AMQA,C,A,191,G,7.5,25.0,0.02
98,1AMQA,C,A,191,R,7.5,25.0,1.69
99,1AMQA,C,A,191,S,7.5,25.0,1.44
100,1AMQA,C,A,191,W,7.5,25.0,2.25
101,1AMQA,C,A,191,Y,7.5,25.0,1.05
102,1AMQA,C,A,192,A,7.5,25.0,1.21
103,1AMQA,C,A,192,S,7.5,25.0,0.99
104,1AMQA,C,A,270,A,7.5,25.0,1.68
105,1AMQA,C,A,401,A,7.5,25.0,-1.06
106,1AMQA,C,A,401,S,7.5,25.0,1.79
107,1ANKA,D,A,84,H,7.2,51.8,1.4
108,1ANKA,G,A,85,V,7.2,51.8,2.4
109,1ANKA,F,A,86,L,7.2,51.8,0.8
110,1ANKA,R,A,88,G,7.4,51.8,0.1
111,1AONU,I,U,3,C,7.8,25.0,0.44
112,1AONU,I,U,3,W,7.8,25.0,0.25
113,1AONU,I,U,48,W,7.8,25.0,0.2
114,1AONU,V,U,95,C,7.8,25.0,0.25
115,1APSA,Y,A,11,F,5.5,28.0,-1.04
116,1APSA,Y,A,11,I,5.5,28.0,2.24
117,1APSA,V,A,13,A,5.5,28.0,2.63
118,1APSA,V,A,17,A,5.5,28.0,1.84
119,1APSA,V,A,20,A,5.5,28.0,0.28
120,1APSA,F,A,22,L,5.5,28.0,1.29
121,1APSA,Y,A,25,A,5.5,28.0,-0.1
122,1APSA,A,A,30,G,5.5,28.0,1.65
123,1APSA,V,A,36,A,5.5,28.0,2.54
124,1APSA,W,A,38,F,5.5,28.0,0.02
125,1APSA,V,A,39,A,5.5,28.0,1.63
126,1APSA,T,A,42,A,5.5,28.0,1.84
127,1APSA,G,A,45,A,5.5,28.0,1.73
128,1APSA,V,A,47,A,5.5,28.0,1.87
129,1APSA,V,A,51,A,5.5,28.0,1.88
130,1APSA,W,A,64,A,5.5,28.0,1.5
131,1APSA,I,A,75,V,5.5,28.0,1.41
132,1APSA,T,A,78,S,5.5,28.0,1.41
133,1APSA,E,A,83,D,5.5,28.0,1.51
134,1APSA,I,A,86,V,5.5,28.0,1.57
135,1APSA,L,A,89,A,5.5,28.0,1.67
136,1ARRA,Q,A,9,G,7.5,25.0,-0.22
137,1ARRA,R,A,13,G,7.5,25.0,-0.27
138,1ARRA,R,A,16,G,7.5,25.0,0.64
139,1ARRA,E,A,17,G,7.5,25.0,0.57
140,1ARRA,L,A,19,Q,7.5,25.0,0.9
141,1ARRA,D,A,20,G,7.5,25.0,1.35
142,1ARRA,R,A,23,G,7.5,25.0,1.04
143,1ARRA,K,A,24,G,7.5,25.0,1.23
144,1ARRA,K,A,24,T,7.5,25.0,0.6
145,1ARRA,E,A,27,G,7.5,25.0,0.43
146,1ARRA,E,A,28,G,7.5,25.0,0.84
147,1ARRA,N,A,34,G,7.5,25.0,-0.23
148,1ARRA,S,A,35,G,7.5,25.0,0.24
149,1ARRA,Q,A,39,G,7.5,25.0,0.65
150,1ARRA,K,A,46,G,7.5,25.0,0.73
151,1ARRA,K,A,47,G,7.5,25.0,0.57
152,1ARRA,E,A,48,G,7.5,25.0,1.14
153,1AZPA,V,A,30,I,7.0,50.0,-0.7
154,1B26A,R,A,190,A,7.0,39.0,0.36
155,1B26A,K,A,193,A,7.0,39.0,-0.38
156,1B26A,E,A,231,A,7.0,39.0,0.49
157,1B8EA,W,A,19,Y,7.1,30.0,3.45
158,1BLCA,D,A,179,N,6.5,20.0,0.44
159,1BNIA,I,A,4,A,6.3,25.0,1.11
160,1BNIA,I,A,4,V,6.3,25.0,0.69
161,1BNIA,N,A,5,A,6.3,25.0,1.83
162,1BNIA,T,A,6,A,6.3,25.0,2.21
163,1BNIA,T,A,6,D,6.3,25.0,-0.11
164,1BNIA,T,A,6,E,6.3,25.0,0.27
165,1BNIA,T,A,6,G,6.3,25.0,1.09
166,1BNIA,T,A,6,H,6.8,25.0,2.06
167,1BNIA,T,A,6,N,6.3,25.0,1.27
168,1BNIA,T,A,6,Q,6.3,25.0,1.87
169,1BNIA,T,A,6,S,6.3,25.0,0.22
170,1BNIA,F,A,7,L,6.2,25.0,4.35
171,1BNIA,D,A,8,A,5.9,25.0,0.8
172,1BNIA,D,A,8,G,6.3,25.0,1.23
173,1BNIA,D,A,8,S,6.3,25.0,0.84
174,1BNIA,V,A,10,A,6.3,25.0,3.46
175,1BNIA,V,A,10,T,6.3,25.0,2.37
176,1BNIA,D,A,12,A,6.3,25.0,0.09
177,1BNIA,D,A,12,G,5.3,25.0,0.76
178,1BNIA,D,A,12,S,6.3,25.0,0.77
179,1BNIA,Y,A,13,A,6.3,25.0,3.49
180,1BNIA,Y,A,13,F,6.3,25.0,0.52
181,1BNIA,L,A,14,A,6.3,29.6,4.51
182,1BNIA,Q,A,15,I,6.3,25.0,-1.19
183,1BNIA,T,A,16,A,6.3,25.0,0.38
184,1BNIA,T,A,16,G,6.3,25.0,1.48
185,1BNIA,T,A,16,R,6.0,25.0,-0.24
186,1BNIA,T,A,16,S,6.3,25.0,1.66
187,1BNIA,Y,A,17,A,6.3,25.0,2.12
188,1BNIA,Y,A,17,F,6.3,25.0,0.44
189,1BNIA,Y,A,17,G,6.3,25.0,4.02
190,1BNIA,Y,A,17,S,6.3,25.0,2.28
191,1BNIA,H,A,18,A,6.3,25.0,1.99
192,1BNIA,H,A,18,D,6.3,25.0,2.38
193,1BNIA,H,A,18,G,6.6,25.0,0.65
194,1BNIA,H,A,18,K,6.3,25.0,1.05
195,1BNIA,H,A,18,N,6.3,25.0,1.74
196,1BNIA,H,A,18,Q,6.3,25.0,1.52
197,1BNIA,H,A,18,R,6.3,25.0,1.09
198,1BNIA,H,A,18,S,6.3,25.0,2.19
199,1BNIA,K,A,19,R,6.3,25.0,-0.54
200,1BNIA,D,A,22,M,4.4,25.0,0.27
201,1BNIA,N,A,23,A,6.3,25.0,2.27
202,1BNIA,Y,A,24,F,6.3,25.0,-0.05
203,1BNIA,I,A,25,A,6.3,25.0,3.59
204,1BNIA,I,A,25,V,6.3,25.0,1.05
205,1BNIA,T,A,26,A,6.3,25.0,1.95
206,1BNIA,T,A,26,D,6.3,25.0,0.04
207,1BNIA,T,A,26,E,6.3,25.0,0.05
208,1BNIA,T,A,26,G,5.9,25.0,1.48
209,1BNIA,T,A,26,N,6.3,25.0,1.29
210,1BNIA,T,A,26,Q,6.3,25.0,1.72
211,1BNIA,T,A,26,S,6.3,25.0,0.56
212,1BNIA,T,A,26,V,6.3,25.0,2.31
213,1BNIA,K,A,27,A,6.3,25.0,-0.44
214,1BNIA,K,A,27,G,6.3,25.0,0.3
215,1BNIA,S,A,28,A,6.3,25.0,-0.5
216,1BNIA,S,A,28,E,6.3,25.0,-0.5
217,1BNIA,S,A,28,G,6.3,25.0,0.47
218,1BNIA,E,A,29,A,6.3,25.0,1.28
219,1BNIA,E,A,29,G,6.3,25.0,1.91
220,1BNIA,E,A,29,Q,6.3,25.0,0.11
221,1BNIA,E,A,29,S,6.3,25.0,1.22
222,1BNIA,Q,A,31,A,6.3,25.0,0.03
223,1BNIA,Q,A,31,G,6.3,25.0,1.04
224,1BNIA,Q,A,31,S,6.3,25.0,-0.0
225,1BNIA,A,A,32,C,6.3,25.0,1.42
226,1BNIA,A,A,32,D,6.3,25.0,0.56
227,1BNIA,A,A,32,E,6.3,25.0,0.24
228,1BNIA,A,A,32,F,6.3,25.0,0.56
229,1BNIA,A,A,32,G,6.3,25.0,0.82
230,1BNIA,A,A,32,H,6.3,25.0,0.75
231,1BNIA,A,A,32,I,6.3,25.0,0.74
232,1BNIA,A,A,32,K,6.3,25.0,0.15
233,1BNIA,A,A,32,L,6.3,25.0,0.11
234,1BNIA,A,A,32,M,6.3,25.0,0.19
235,1BNIA,A,A,32,N,6.3,25.0,0.51
236,1BNIA,A,A,32,Q,6.3,25.0,0.43
237,1BNIA,A,A,32,R,6.3,25.0,0.15
238,1BNIA,A,A,32,S,6.3,25.0,0.28
239,1BNIA,A,A,32,T,6.3,25.0,0.64
240,1BNIA,A,A,32,V,6.3,25.0,0.62
241,1BNIA,A,A,32,W,6.3,25.0,1.07
242,1BNIA,A,A,32,Y,6.3,25.0,0.75
243,1BNIA,L,A,33,Q,6.3,25.0,1.34
244,1BNIA,G,A,34,A,6.3,25.0,2.91
245,1BNIA,G,A,34,D,6.3,25.0,3.3
246,1BNIA,G,A,34,H,6.6,25.0,2.62
247,1BNIA,G,A,34,K,6.3,25.0,2.91
248,1BNIA,G,A,34,N,6.3,25.0,2.72
249,1BNIA,G,A,34,R,6.3,25.0,2.61
250,1BNIA,G,A,34,S,6.3,25.0,3.05
251,1BNIA,G,A,34,T,6.3,25.0,3.28
252,1BNIA,V,A,36,A,6.3,25.0,1.4
253,1BNIA,V,A,36,T,6.3,25.0,1.11
254,1BNIA,N,A,41,D,6.3,25.0,2.54
255,1BNIA,D,A,44,E,6.3,25.0,0.11
256,1BNIA,V,A,45,A,6.3,25.0,1.61
257,1BNIA,V,A,45,T,6.3,25.0,2.34
258,1BNIA,I,A,51,A,6.3,25.0,4.71
259,1BNIA,I,A,51,V,5.9,25.0,1.66
260,1BNIA,G,A,53,A,6.3,54.1,3.4
261,1BNIA,D,A,54,A,6.3,25.0,3.04
262,1BNIA,D,A,54,N,6.0,25.0,2.42
263,1BNIA,I,A,55,A,6.3,25.0,1.29
264,1BNIA,I,A,55,T,6.3,25.0,0.94
265,1BNIA,I,A,55,V,6.3,25.0,0.37
266,1BNIA,S,A,57,A,6.3,25.0,-0.15
267,1BNIA,N,A,58,A,6.3,25.0,2.27
268,1BNIA,N,A,58,D,6.3,25.0,-0.4
269,1BNIA,R,A,59,A,6.3,25.0,-0.64
270,1BNIA,K,A,62,R,6.3,25.0,0.35
271,1BNIA,G,A,65,S,6.3,25.0,-0.74
272,1BNIA,K,A,66,A,6.3,25.0,-0.59
273,1BNIA,R,A,69,K,6.3,25.0,3.2
274,1BNIA,R,A,69,M,5.5,25.0,2.04
275,1BNIA,R,A,69,S,6.3,25.0,2.83
276,1BNIA,E,A,73,A,6.3,25.0,2.4
277,1BNIA,E,A,73,F,6.3,25.0,2.1
278,1BNIA,E,A,73,Q,6.3,25.0,2.7
279,1BNIA,E,A,73,W,6.3,25.0,2.2
280,1BNIA,I,A,76,A,6.3,25.0,1.71
281,1BNIA,I,A,76,T,6.3,25.0,2.64
282,1BNIA,I,A,76,V,6.3,25.0,0.87
283,1BNIA,N,A,77,A,6.3,25.0,1.63
284,1BNIA,Y,A,78,F,6.3,25.0,1.35
285,1BNIA,T,A,79,V,6.3,25.0,-0.24
286,1BNIA,R,A,83,K,6.3,25.0,4.43
287,1BNIA,R,A,83,Q,5.5,25.0,1.47
288,1BNIA,N,A,84,A,6.3,25.0,1.94
289,1BNIA,S,A,85,A,6.3,25.0,-0.08
290,1BNIA,I,A,88,A,6.3,29.9,4.01
291,1BNIA,I,A,88,L,6.3,25.0,0.16
292,1BNIA,I,A,88,V,6.1,29.0,1.41
293,1BNIA,L,A,89,T,6.3,25.0,2.82
294,1BNIA,L,A,89,V,6.3,25.0,0.3
295,1BNIA,S,A,91,A,5.7,25.0,1.84
296,1BNIA,S,A,92,A,5.9,25.0,2.89
297,1BNIA,D,A,93,N,6.3,25.0,4.03
298,1BNIA,W,A,94,F,7.3,25.0,1.04
299,1BNIA,W,A,94,L,7.8,25.0,1.12
300,1BNIA,W,A,94,Y,7.3,25.0,1.24
301,1BNIA,I,A,96,A,6.3,28.4,3.31
302,1BNIA,I,A,96,V,5.9,28.1,0.97
303,1BNIA,T,A,99,V,6.3,25.0,2.87
304,1BNIA,H,A,102,A,6.3,25.0,0.24
305,1BNIA,Y,A,103,F,6.3,25.0,0.06
306,1BNIA,Q,A,104,A,6.3,25.0,0.13
307,1BNIA,T,A,105,V,6.3,25.0,2.21
308,1BNIA,K,A,108,R,6.3,25.0,-0.84
309,1BNIA,I,A,109,A,6.3,25.0,1.74
310,1BNIA,I,A,109,V,6.3,25.0,0.8
311,1BNIA,R,A,110,A,6.3,25.0,0.1
312,1BOYA,R,A,200,W,7.5,23.0,-0.6
313,1BTAA,K,A,21,A,8.0,25.0,1.04
314,1BTAA,K,A,21,Q,8.0,25.0,1.09
315,1BTAA,K,A,22,Q,8.0,25.0,0.79
316,1BTAA,C,A,40,A,7.0,25.0,-0.1
317,1BTAA,E,A,57,K,8.0,25.0,0.7
318,1BTAA,K,A,60,E,8.0,25.0,1.17
319,1BTAA,K,A,60,L,8.0,25.0,-0.55
320,1BTAA,R,A,75,L,8.0,25.0,-0.75
321,1BTAA,R,A,75,Q,8.0,25.0,0.37
322,1BTAA,K,A,78,A,8.0,25.0,0.05
323,1BTAA,K,A,78,Q,8.0,25.0,-0.38
324,1BTAA,C,A,82,A,7.2,25.0,0.1
325,1BVCA,W,A,7,F,7.8,4.0,0.9
326,1BVCA,W,A,14,F,7.8,4.0,1.1
327,1BVCA,H,A,24,V,7.0,0.0,0.52
328,1BVCA,I,A,28,A,6.6,36.8,0.86
329,1BVCA,I,A,28,L,11.0,76.5,0.6
330,1BVCA,I,A,28,M,11.0,76.5,0.6
331,1BVCA,I,A,28,V,11.0,76.5,-0.0
332,1BVCA,L,A,29,A,6.6,36.8,0.63
333,1BVCA,L,A,29,I,11.0,76.5,1.1
334,1BVCA,L,A,29,M,11.0,76.5,-0.1
335,1BVCA,L,A,29,V,11.0,76.5,1.7
336,1BVCA,I,A,30,A,5.2,25.0,0.65
337,1BVCA,L,A,32,A,5.2,25.0,0.92
338,1BVCA,H,A,36,Q,7.8,3.7,0.83
339,1BVCA,H,A,48,Q,7.0,0.0,0.62
340,1BVCA,L,A,49,I,11.0,76.5,0.8
341,1BVCA,H,A,64,Q,7.0,0.0,0.45
342,1BVCA,V,A,68,T,7.8,4.0,0.6
343,1BVCA,L,A,69,A,11.0,76.5,1.2
344,1BVCA,L,A,69,I,11.0,76.5,-0.0
345,1BVCA,L,A,69,M,11.0,76.5,-0.0
346,1BVCA,L,A,69,V,11.0,76.5,0.1
347,1BVCA,H,A,82,Q,7.0,0.0,0.05
348,1BVCA,H,A,93,G,7.0,0.0,-0.04
349,1BVCA,I,A,111,A,11.0,76.5,1.8
350,1BVCA,I,A,111,L,11.0,76.5,0.6
351,1BVCA,I,A,111,M,11.0,76.5,1.1
352,1BVCA,H,A,113,Q,7.0,0.0,0.26
353,1BVCA,H,A,119,F,7.0,0.0,0.68
354,1BVCA,F,A,123,K,7.8,4.0,2.1
355,1BVCA,F,A,123,T,7.5,0.0,2.62
356,1BVCA,A,A,130,K,7.8,3.8,2.17
357,1BVCA,A,A,130,L,7.8,3.8,0.99
358,1BVCA,M,A,131,A,7.8,4.0,2.2
359,1BVCA,L,A,135,I,11.0,76.5,1.5
360,1BVCA,L,A,135,M,11.0,76.5,0.8
361,1BVCA,L,A,135,V,11.0,76.5,2.2
362,1BVCA,I,A,142,A,11.0,76.5,1.1
363,1BVCA,I,A,142,L,11.0,76.5,-0.6
364,1BVCA,I,A,142,M,11.0,76.5,-0.9
365,1BVCA,I,A,142,V,11.0,76.5,0.1
366,1C9OA,Q,A,2,L,7.0,47.6,-0.48
367,1C9OA,R,A,3,A,7.0,70.0,1.88
368,1C9OA,R,A,3,E,7.0,47.6,1.46
369,1C9OA,R,A,3,K,7.0,70.0,0.19
370,1C9OA,R,A,3,L,7.0,47.6,0.11
371,1C9OA,N,A,11,S,7.0,47.6,-0.11
372,1C9OA,E,A,12,K,7.0,75.0,0.32
373,1C9OA,Y,A,15,F,7.0,47.6,0.05
374,1C9OA,E,A,21,A,7.0,70.0,0.29
375,1C9OA,E,A,21,K,7.0,75.0,0.31
376,1C9OA,G,A,23,Q,7.0,47.6,0.13
377,1C9OA,S,A,24,D,7.0,47.6,-0.17
378,1C9OA,H,A,29,E,7.0,75.0,0.61
379,1C9OA,T,A,31,S,7.0,47.6,-0.1
380,1C9OA,E,A,36,K,7.0,75.0,0.45
381,1C9OA,F,A,38,W,7.0,25.0,-0.24
382,1C9OA,E,A,46,A,7.0,47.6,-0.01
383,1C9OA,E,A,46,K,7.0,75.0,0.57
384,1C9OA,E,A,50,K,7.0,75.0,0.58
385,1C9OA,E,A,50,W,7.0,25.0,-0.07
386,1C9OA,Q,A,53,E,7.0,47.6,0.03
387,1C9OA,N,A,55,K,7.0,75.0,0.03
388,1C9OA,R,A,56,E,7.0,75.0,-0.69
389,1C9OA,V,A,64,T,7.0,47.6,0.3
390,1C9OA,L,A,66,E,7.0,47.6,0.97
391,1CAHA,W,A,5,F,7.5,23.0,1.8
392,1CAHA,C,A,206,S,7.5,23.0,-2.35
393,1CEYA,D,A,12,A,7.0,25.0,-2.5
394,1CEYA,D,A,13,A,7.0,25.0,-2.7
395,1CEYA,F,A,14,N,7.5,25.0,-2.64
396,1CEYA,A,A,48,G,8.0,25.0,-0.06
397,1CEYA,D,A,57,A,7.0,25.0,-3.3
398,1CEYA,A,A,74,G,8.0,25.0,0.31
399,1CEYA,A,A,77,G,8.0,25.0,0.31
400,1CEYA,A,A,80,G,8.0,25.0,-0.43
401,1CEYA,A,A,88,G,8.0,25.0,-0.04
402,1CEYA,A,A,90,G,8.0,25.0,-0.35
403,1CEYA,A,A,99,G,8.0,25.0,0.48
404,1CEYA,A,A,101,G,8.0,25.0,0.95
405,1CEYA,A,A,113,G,8.0,25.0,0.75
406,1CEYA,A,A,114,G,8.0,25.0,0.5
407,1CHKA,W,A,28,F,7.0,43.2,4.43
408,1CHKA,W,A,101,F,7.0,43.2,4.27
409,1CHKA,W,A,227,F,7.0,43.2,2.51
410,1CSEI,V,I,14,A,7.0,25.0,1.04
411,1CSEI,V,I,18,A,7.0,25.0,1.2
412,1CSEI,L,I,27,A,7.0,25.0,0.16
413,1CSEI,V,I,54,A,7.0,25.0,1.58
414,1CSEI,V,I,62,A,7.0,25.0,1.01
415,1CSPA,M,A,1,R,7.0,70.0,-1.75
416,1CSPA,E,A,3,K,7.0,70.0,-2.75
417,1CSPA,E,A,3,L,7.0,70.0,-1.59
418,1CSPA,E,A,3,Q,7.5,55.0,-1.14
419,1CSPA,E,A,3,R,7.3,52.8,-1.77
420,1CSPA,N,A,10,D,7.5,55.0,-0.38
421,1CSPA,F,A,15,A,7.0,43.3,2.07
422,1CSPA,F,A,17,A,7.0,43.3,1.47
423,1CSPA,D,A,25,Q,7.5,55.0,0.79
424,1CSPA,F,A,27,A,7.0,43.3,0.84
425,1CSPA,F,A,38,A,7.0,42.5,-0.22
426,1CSPA,E,A,43,S,7.0,70.0,-0.29
427,1CSPA,A,A,46,E,7.0,70.0,0.59
428,1CSPA,A,A,46,K,7.0,70.0,-1.41
429,1CSPA,S,A,48,E,7.5,55.0,-0.04
430,1CSPA,S,A,48,R,7.0,70.0,-1.58
431,1CSPA,E,A,50,Q,7.5,55.0,1.16
432,1CSPA,R,A,56,Q,7.5,55.0,-0.28
433,1CSPA,K,A,65,I,7.0,70.0,-1.53
434,1CSPA,E,A,66,K,7.0,70.0,-2.18
435,1CSPA,E,A,66,L,7.0,47.6,-1.6
436,1CUNA,Q,A,115,A,7.0,25.0,0.15
437,1CUNA,Q,A,115,G,7.0,25.0,1.15
438,1CUNA,F,A,117,L,7.0,25.0,2.55
439,1CUNA,A,A,119,G,7.0,25.0,1.75
440,1CUNA,A,A,126,G,7.0,25.0,1.65
441,1CUNA,I,A,128,A,7.0,25.0,1.65
442,1CUNA,I,A,128,V,7.0,25.0,2.85
443,1CUNA,K,A,152,A,7.0,25.0,0.15
444,1CUNA,K,A,152,G,7.0,25.0,1.45
445,1CUNA,A,A,156,G,7.0,25.0,1.45
446,1CUNA,F,A,157,L,7.0,25.0,1.85
447,1CUNA,V,A,163,A,7.0,25.0,-0.15
448,1CUNA,V,A,163,G,7.0,25.0,0.85
449,1CUNA,H,A,164,A,7.0,25.0,2.35
450,1CUNA,V,A,171,A,7.0,25.0,1.55
451,1CUNA,A,A,173,G,7.0,25.0,1.95
452,1CUNA,A,A,191,G,7.0,25.0,1.35
453,1CUNA,M,A,193,A,7.0,25.0,2.65
454,1CUNA,L,A,196,A,7.0,25.0,4.55
455,1CUNA,G,A,198,A,7.0,25.0,-0.45
456,1CUNA,S,A,201,A,7.0,25.0,-0.15
457,1CUNA,S,A,201,G,7.0,25.0,0.95
458,1CUNA,L,A,203,A,7.0,25.0,4.05
459,1CUNA,A,A,206,G,7.0,25.0,2.25
460,1CUNA,A,A,212,G,7.0,25.0,1.45
461,1CUNA,L,A,214,A,7.0,25.0,3.65
462,1DKTA,I,A,6,V,7.5,10.0,0.57
463,1DKTA,Y,A,8,A,7.5,10.0,0.68
464,1DKTA,S,A,9,A,7.5,10.0,0.43
465,1DKTA,K,A,11,A,7.5,10.0,-0.62
466,1DKTA,F,A,17,L,7.5,10.0,2.58
467,1DKTA,E,A,18,A,7.5,10.0,0.81
468,1DKTA,V,A,22,A,7.5,10.0,1.36
469,1DKTA,V,A,32,A,7.5,10.0,1.07
470,1DKTA,S,A,39,A,7.5,10.0,0.6
471,1DKTA,L,A,46,A,7.5,10.0,2.04
472,1DKTA,V,A,55,A,7.5,10.0,0.73
473,1DKTA,V,A,55,G,7.5,10.0,2.04
474,1DKTA,M,A,58,L,7.5,10.0,0.23
475,1DKTA,H,A,65,A,7.5,10.0,0.51
476,1DKTA,L,A,67,A,7.5,10.0,1.98
477,1DKTA,R,A,70,A,7.5,10.0,2.8
478,1DKTA,R,A,71,A,7.5,10.0,0.59
479,1E65A,V,A,5,A,7.0,25.0,-0.0
480,1E65A,I,A,7,A,7.0,25.0,3.11
481,1E65A,I,A,7,S,7.3,26.5,3.44
482,1E65A,I,A,20,A,7.0,25.0,1.56
483,1E65A,I,A,20,T,7.0,25.0,2.39
484,1E65A,I,A,20,V,7.0,25.0,0.38
485,1E65A,V,A,22,A,7.0,25.0,1.44
486,1E65A,V,A,22,T,7.0,25.0,0.96
487,1E65A,V,A,31,T,7.0,25.0,1.08
488,1E65A,H,A,46,G,7.0,20.0,2.5
489,1E65A,L,A,50,T,7.0,25.0,2.34
490,1E65A,L,A,50,V,7.0,25.0,0.36
491,1E65A,V,A,60,G,7.0,25.0,3.11
492,1E65A,I,A,81,A,7.0,25.0,2.39
493,1E65A,I,A,81,T,7.0,25.0,2.51
494,1E65A,I,A,81,V,7.0,25.0,0.07
495,1E65A,A,A,82,G,7.0,25.0,3.11
496,1E65A,V,A,95,T,7.0,25.0,-0.96
497,1E65A,F,A,110,S,7.3,26.5,3.95
498,1E65A,H,A,117,G,7.0,20.0,2.18
499,1E65A,L,A,125,A,7.0,25.0,0.72
500,1EY0A,K,A,6,A,7.0,20.0,-0.19
501,1EY0A,K,A,6,G,7.0,20.0,-0.25
502,1EY0A,L,A,7,A,7.0,20.0,1.35
503,1EY0A,L,A,7,G,7.0,20.0,1.26
504,1EY0A,L,A,7,I,7.0,20.0,0.77
505,1EY0A,L,A,7,V,7.0,20.0,1.15
506,1EY0A,H,A,8,A,7.0,20.0,0.48
507,1EY0A,H,A,8,G,7.0,20.0,0.85
508,1EY0A,K,A,9,A,7.0,20.0,1.38
509,1EY0A,K,A,9,F,7.0,20.0,1.03
510,1EY0A,K,A,9,G,7.0,20.0,1.88
511,1EY0A,E,A,10,A,7.0,20.0,1.34
512,1EY0A,E,A,10,G,7.0,20.0,1.86
513,1EY0A,E,A,10,K,7.0,20.0,1.98
514,1EY0A,E,A,10,Q,7.0,20.0,0.97
515,1EY0A,A,A,12,G,7.0,20.0,2.37
516,1EY0A,A,A,12,V,7.0,20.0,0.89
517,1EY0A,T,A,13,A,7.0,20.0,0.73
518,1EY0A,T,A,13,C,7.0,20.0,1.2
519,1EY0A,T,A,13,G,7.0,20.0,1.16
520,1EY0A,T,A,13,I,7.0,20.0,0.05
521,1EY0A,T,A,13,S,7.0,20.0,0.35
522,1EY0A,T,A,13,V,7.0,20.0,0.26
523,1EY0A,L,A,14,A,7.0,20.0,2.38
524,1EY0A,L,A,14,G,7.0,20.0,3.84
525,1EY0A,L,A,14,I,7.0,20.0,1.6
526,1EY0A,L,A,14,V,7.0,20.0,1.63
527,1EY0A,I,A,15,A,7.0,20.0,2.73
528,1EY0A,I,A,15,G,7.0,20.0,3.43
529,1EY0A,I,A,15,L,7.0,20.0,0.62
530,1EY0A,I,A,15,M,7.0,20.0,0.15
531,1EY0A,I,A,15,V,7.0,20.0,0.88
532,1EY0A,K,A,16,A,7.0,20.0,0.06
533,1EY0A,K,A,16,F,7.0,20.0,0.38
534,1EY0A,K,A,16,G,7.0,20.0,0.76
535,1EY0A,A,A,17,G,7.0,20.0,-0.19
536,1EY0A,A,A,17,V,7.0,20.0,1.94
537,1EY0A,I,A,18,A,7.0,20.0,2.65
538,1EY0A,I,A,18,G,7.0,20.0,2.63
539,1EY0A,I,A,18,L,7.0,20.0,0.14
540,1EY0A,I,A,18,M,6.7,23.6,0.68
541,1EY0A,I,A,18,V,7.0,20.0,0.96
542,1EY0A,D,A,19,A,7.0,20.0,0.09
543,1EY0A,D,A,19,F,7.0,20.0,1.28
544,1EY0A,D,A,19,G,7.0,20.0,0.42
545,1EY0A,D,A,19,K,7.0,20.0,0.41
546,1EY0A,D,A,19,N,7.0,20.0,-0.07
547,1EY0A,G,A,20,A,7.0,20.0,0.12
548,1EY0A,G,A,20,V,7.0,20.0,2.18
549,1EY0A,D,A,21,A,7.0,20.0,-0.83
550,1EY0A,D,A,21,G,7.0,20.0,-0.46
551,1EY0A,D,A,21,K,7.0,20.0,-1.1
552,1EY0A,D,A,21,N,7.0,20.0,-1.43
553,1EY0A,T,A,22,A,7.0,20.0,1.69
554,1EY0A,T,A,22,C,7.0,20.0,0.95
555,1EY0A,T,A,22,G,7.0,20.0,2.54
556,1EY0A,T,A,22,I,7.0,20.0,0.61
557,1EY0A,T,A,22,S,7.0,20.0,0.74
558,1EY0A,T,A,22,V,7.0,20.0,0.85
559,1EY0A,V,A,23,A,6.2,22.5,2.7
560,1EY0A,V,A,23,F,6.2,29.2,1.93
561,1EY0A,V,A,23,I,7.0,20.0,-0.03
562,1EY0A,V,A,23,L,7.0,20.0,0.02
563,1EY0A,V,A,23,S,7.0,20.0,4.76
564,1EY0A,V,A,23,T,7.0,20.0,3.34
565,1EY0A,K,A,24,A,7.0,20.0,0.34
566,1EY0A,K,A,24,F,7.0,20.0,0.4
567,1EY0A,K,A,24,G,7.0,20.0,1.6
568,1EY0A,L,A,25,A,6.4,40.2,2.77
569,1EY0A,L,A,25,G,7.0,20.0,4.58
570,1EY0A,L,A,25,I,7.0,20.0,1.83
571,1EY0A,L,A,25,V,7.0,20.0,1.85
572,1EY0A,M,A,26,A,7.0,20.0,1.61
573,1EY0A,M,A,26,G,6.2,22.5,1.95
574,1EY0A,M,A,26,I,7.0,20.0,0.84
575,1EY0A,M,A,26,L,7.0,20.0,0.31
576,1EY0A,Y,A,27,A,7.0,20.0,3.63
577,1EY0A,Y,A,27,C,7.0,20.0,2.72
578,1EY0A,Y,A,27,F,7.0,20.0,0.4
579,1EY0A,Y,A,27,H,7.0,20.0,1.86
580,1EY0A,Y,A,27,I,7.0,20.0,2.28
581,1EY0A,Y,A,27,K,7.0,20.0,3.78
582,1EY0A,Y,A,27,L,7.0,20.0,1.55
583,1EY0A,Y,A,27,M,7.0,20.0,1.94
584,1EY0A,Y,A,27,N,7.0,20.0,3.83
585,1EY0A,Y,A,27,Q,7.0,20.0,3.31
586,1EY0A,Y,A,27,R,7.0,20.0,3.05
587,1EY0A,Y,A,27,S,7.0,20.0,3.21
588,1EY0A,Y,A,27,T,7.0,20.0,3.18
589,1EY0A,Y,A,27,V,7.0,20.0,2.65
590,1EY0A,Y,A,27,W,7.0,20.0,0.72
591,1EY0A,K,A,28,A,7.0,20.0,0.7
592,1EY0A,K,A,28,E,7.0,20.0,0.79
593,1EY0A,K,A,28,F,7.0,20.0,0.85
594,1EY0A,K,A,28,G,7.0,20.0,0.8
595,1EY0A,K,A,28,Q,7.0,20.0,0.28
596,1EY0A,G,A,29,A,7.0,20.0,1.41
597,1EY0A,G,A,29,C,7.0,20.0,1.26
598,1EY0A,G,A,29,F,7.0,20.0,1.46
599,1EY0A,G,A,29,V,7.0,20.0,3.11
600,1EY0A,Q,A,30,A,7.0,20.0,0.25
601,1EY0A,Q,A,30,G,7.0,20.0,0.93
602,1EY0A,M,A,32,A,7.0,20.0,1.81
603,1EY0A,M,A,32,G,7.0,20.0,2.54
604,1EY0A,M,A,32,I,7.0,20.0,0.56
605,1EY0A,M,A,32,L,7.0,20.0,0.76
606,1EY0A,T,A,33,A,7.0,20.0,1.52
607,1EY0A,T,A,33,C,7.0,20.0,1.04
608,1EY0A,T,A,33,G,7.0,20.0,2.62
609,1EY0A,T,A,33,I,7.0,20.0,-0.73
610,1EY0A,T,A,33,S,7.0,20.0,1.35
611,1EY0A,T,A,33,V,7.0,20.0,-0.47
612,1EY0A,F,A,34,A,7.0,20.0,3.8
613,1EY0A,R,A,35,A,7.0,20.0,1.38
614,1EY0A,R,A,35,G,7.0,20.0,2.26
615,1EY0A,L,A,36,A,7.0,20.0,3.66
616,1EY0A,L,A,36,I,7.0,20.0,3.09
617,1EY0A,L,A,36,V,7.0,20.0,3.58
618,1EY0A,L,A,37,A,7.0,20.0,1.51
619,1EY0A,L,A,37,G,7.0,20.0,3.79
620,1EY0A,L,A,37,I,7.0,20.0,1.82
621,1EY0A,L,A,37,V,7.0,20.0,2.78
622,1EY0A,L,A,38,A,7.0,20.0,1.51
623,1EY0A,L,A,38,G,7.0,20.0,0.28
624,1EY0A,L,A,38,I,7.0,20.0,2.06
625,1EY0A,L,A,38,V,7.0,20.0,0.14
626,1EY0A,V,A,39,A,7.0,20.0,2.16
627,1EY0A,V,A,39,G,7.0,20.0,4.61
628,1EY0A,V,A,39,I,7.0,20.0,-0.11
629,1EY0A,V,A,39,L,7.0,20.0,0.9
630,1EY0A,V,A,39,S,7.0,20.0,2.44
631,1EY0A,V,A,39,T,7.0,20.0,1.55
632,1EY0A,D,A,40,A,7.0,20.0,-0.41
633,1EY0A,D,A,40,G,7.0,20.0,0.38
634,1EY0A,T,A,41,A,7.0,20.0,-0.07
635,1EY0A,T,A,41,C,7.0,20.0,-0.74
636,1EY0A,T,A,41,G,7.0,20.0,1.79
637,1EY0A,T,A,41,I,7.0,20.0,-0.86
638,1EY0A,T,A,41,S,7.0,20.0,0.88
639,1EY0A,T,A,41,V,7.0,20.0,-0.9
640,1EY0A,E,A,43,A,7.0,20.0,-0.32
641,1EY0A,E,A,43,D,7.0,20.0,-0.2
642,1EY0A,E,A,43,G,7.0,20.0,-0.59
643,1EY0A,T,A,44,A,7.0,20.0,0.23
644,1EY0A,T,A,44,C,7.0,20.0,0.04
645,1EY0A,T,A,44,G,7.0,20.0,0.37
646,1EY0A,T,A,44,I,7.0,20.0,0.56
647,1EY0A,T,A,44,S,7.0,20.0,-0.04
648,1EY0A,T,A,44,V,7.0,20.0,-0.09
649,1EY0A,K,A,45,A,7.0,20.0,-0.19
650,1EY0A,K,A,45,G,7.0,20.0,-0.2
651,1EY0A,H,A,46,A,7.0,20.0,0.45
652,1EY0A,H,A,46,G,7.0,20.0,0.17
653,1EY0A,H,A,46,Y,5.4,40.0,-0.0
654,1EY0A,K,A,48,A,7.0,20.0,-0.09
655,1EY0A,K,A,48,E,7.0,20.0,-0.1
656,1EY0A,K,A,48,F,7.0,20.0,0.25
657,1EY0A,K,A,48,G,7.0,20.0,-0.24
658,1EY0A,K,A,48,Q,7.0,20.0,0.02
659,1EY0A,K,A,49,A,7.0,20.0,0.25
660,1EY0A,K,A,49,F,7.0,20.0,-0.2
661,1EY0A,K,A,49,G,7.0,20.0,0.1
662,1EY0A,G,A,50,A,7.0,20.0,-0.16
663,1EY0A,G,A,50,C,7.0,20.0,0.75
664,1EY0A,G,A,50,F,7.0,20.0,0.55
665,1EY0A,G,A,50,V,7.0,20.0,1.0
666,1EY0A,V,A,51,A,7.0,20.0,0.05
667,1EY0A,V,A,51,G,7.0,20.0,0.17
668,1EY0A,V,A,51,I,7.0,20.0,-0.09
669,1EY0A,V,A,51,L,7.0,20.0,0.1
670,1EY0A,V,A,51,S,7.0,20.0,-0.01
671,1EY0A,V,A,51,T,7.0,20.0,-0.2
672,1EY0A,E,A,52,A,7.0,20.0,0.05
673,1EY0A,E,A,52,F,7.0,20.0,0.51
674,1EY0A,E,A,52,G,7.0,20.0,0.27
675,1EY0A,K,A,53,A,7.0,20.0,0.17
676,1EY0A,K,A,53,G,7.0,20.0,0.08
677,1EY0A,Y,A,54,A,7.0,20.0,1.97
678,1EY0A,Y,A,54,F,7.0,20.0,0.38
679,1EY0A,Y,A,54,G,7.0,20.0,1.72
680,1EY0A,Y,A,54,L,7.0,20.0,3.31
681,1EY0A,G,A,55,A,7.0,20.0,0.44
682,1EY0A,G,A,55,V,7.0,20.0,1.48
683,1EY0A,E,A,57,A,7.0,20.0,0.1
684,1EY0A,E,A,57,C,7.0,20.0,0.64
685,1EY0A,E,A,57,F,7.0,20.0,0.79
686,1EY0A,E,A,57,G,7.0,20.0,1.41
687,1EY0A,E,A,57,K,7.0,20.0,-0.01
688,1EY0A,E,A,57,Q,7.0,20.0,0.14
689,1EY0A,A,A,58,G,7.0,20.0,2.53
690,1EY0A,A,A,58,V,7.0,20.0,2.63
691,1EY0A,S,A,59,A,7.0,20.0,-0.62
692,1EY0A,S,A,59,F,7.0,20.0,-0.56
693,1EY0A,S,A,59,G,7.0,20.0,1.03
694,1EY0A,A,A,60,C,7.0,20.0,1.12
695,1EY0A,A,A,60,F,7.0,20.0,0.8
696,1EY0A,A,A,60,G,7.0,20.0,1.45
697,1EY0A,A,A,60,V,7.0,20.0,2.68
698,1EY0A,F,A,61,A,7.0,20.0,2.34
699,1EY0A,F,A,61,G,7.0,20.0,4.76
700,1EY0A,T,A,62,A,7.0,20.0,2.23
701,1EY0A,T,A,62,C,7.0,20.0,1.05
702,1EY0A,T,A,62,G,7.0,20.0,3.52
703,1EY0A,T,A,62,I,7.0,20.0,1.17
704,1EY0A,T,A,62,S,7.0,20.0,2.15
705,1EY0A,T,A,62,V,7.0,20.0,-0.1
706,1EY0A,K,A,63,A,7.0,20.0,0.32
707,1EY0A,K,A,63,E,7.0,20.0,1.47
708,1EY0A,K,A,63,F,7.0,20.0,1.83
709,1EY0A,K,A,63,G,7.0,20.0,1.57
710,1EY0A,K,A,63,Q,7.0,20.0,0.89
711,1EY0A,K,A,64,A,7.0,20.0,-0.16
712,1EY0A,K,A,64,E,7.0,20.0,1.68
713,1EY0A,K,A,64,F,7.0,20.0,0.09
714,1EY0A,K,A,64,G,7.0,20.0,0.51
715,1EY0A,K,A,64,Q,7.0,20.0,-0.0
716,1EY0A,M,A,65,A,7.0,20.0,2.06
717,1EY0A,M,A,65,F,7.0,20.0,1.62
718,1EY0A,M,A,65,G,7.0,20.0,4.66
719,1EY0A,M,A,65,I,7.0,20.0,1.43
720,1EY0A,M,A,65,L,7.0,20.0,0.73
721,1EY0A,V,A,66,A,7.0,20.0,2.34
722,1EY0A,V,A,66,G,7.0,20.0,4.49
723,1EY0A,V,A,66,I,7.0,20.0,0.76
724,1EY0A,V,A,66,K,9.2,20.0,4.83
725,1EY0A,V,A,66,L,6.8,28.9,-0.37
726,1EY0A,V,A,66,M,8.2,20.0,0.14
727,1EY0A,V,A,66,S,7.0,20.0,3.09
728,1EY0A,V,A,66,T,7.0,20.0,1.34
729,1EY0A,V,A,66,W,7.0,20.0,2.69
730,1EY0A,E,A,67,A,7.0,20.0,1.05
731,1EY0A,E,A,67,F,7.0,20.0,1.33
732,1EY0A,E,A,67,G,7.0,20.0,1.0
733,1EY0A,E,A,67,Q,7.0,20.0,0.57
734,1EY0A,N,A,68,A,7.0,20.0,0.38
735,1EY0A,N,A,68,G,7.0,20.0,0.35
736,1EY0A,A,A,69,G,7.0,20.0,2.1
737,1EY0A,A,A,69,T,7.0,20.0,3.03
738,1EY0A,A,A,69,V,7.0,20.0,2.8
739,1EY0A,K,A,70,A,7.0,20.0,0.16
740,1EY0A,K,A,70,C,7.0,20.0,0.48
741,1EY0A,K,A,70,E,7.0,20.0,0.3
742,1EY0A,K,A,70,F,7.0,20.0,0.03
743,1EY0A,K,A,70,G,7.0,20.0,0.6
744,1EY0A,K,A,70,Q,7.0,20.0,0.25
745,1EY0A,K,A,70,W,7.0,20.0,0.4
746,1EY0A,K,A,71,A,7.0,20.0,0.55
747,1EY0A,K,A,71,F,7.0,20.0,-0.04
748,1EY0A,K,A,71,G,7.0,20.0,1.31
749,1EY0A,I,A,72,L,7.0,20.0,0.23
750,1EY0A,I,A,72,M,7.0,20.0,1.88
751,1EY0A,I,A,72,V,7.0,20.0,1.79
752,1EY0A,E,A,73,A,7.0,20.0,1.46
753,1EY0A,E,A,73,F,7.0,20.0,0.88
754,1EY0A,E,A,73,G,7.0,20.0,2.76
755,1EY0A,E,A,73,K,7.0,20.0,2.06
756,1EY0A,E,A,73,Q,7.0,20.0,0.64
757,1EY0A,V,A,74,A,7.0,20.0,3.23
758,1EY0A,V,A,74,I,7.0,20.0,1.91
759,1EY0A,V,A,74,L,7.0,20.0,1.12
760,1EY0A,V,A,74,T,7.0,20.0,3.88
761,1EY0A,E,A,75,A,6.2,22.5,1.69
762,1EY0A,E,A,75,G,7.0,20.0,3.43
763,1EY0A,E,A,75,K,7.0,20.0,2.22
764,1EY0A,E,A,75,Q,7.0,20.0,0.61
765,1EY0A,E,A,75,V,7.0,20.0,2.31
766,1EY0A,F,A,76,A,7.0,20.0,4.1
767,1EY0A,F,A,76,G,7.0,20.0,4.73
768,1EY0A,D,A,77,A,6.5,21.6,2.39
769,1EY0A,D,A,77,G,7.0,20.0,1.81
770,1EY0A,D,A,77,K,7.0,20.0,3.28
771,1EY0A,D,A,77,N,7.0,20.0,2.69
772,1EY0A,K,A,78,A,7.0,20.0,0.5
773,1EY0A,K,A,78,C,7.0,20.0,0.26
774,1EY0A,K,A,78,E,7.0,20.0,0.69
775,1EY0A,K,A,78,F,7.0,20.0,-0.05
776,1EY0A,K,A,78,G,7.0,20.0,1.07
777,1EY0A,K,A,78,Q,7.0,20.0,0.15
778,1EY0A,G,A,79,A,7.0,20.0,2.17
779,1EY0A,G,A,79,D,7.0,20.0,2.28
780,1EY0A,G,A,79,S,6.5,31.5,2.14
781,1EY0A,G,A,79,V,7.0,20.0,2.23
782,1EY0A,Q,A,80,A,7.0,20.0,0.02
783,1EY0A,Q,A,80,F,7.0,20.0,0.58
784,1EY0A,Q,A,80,G,7.0,20.0,1.25
785,1EY0A,R,A,81,A,7.0,20.0,1.1
786,1EY0A,R,A,81,G,7.0,20.0,2.06
787,1EY0A,T,A,82,A,7.0,20.0,0.89
788,1EY0A,T,A,82,C,7.0,20.0,0.19
789,1EY0A,T,A,82,G,7.0,20.0,2.03
790,1EY0A,T,A,82,I,7.0,20.0,-0.51
791,1EY0A,T,A,82,S,7.0,20.0,0.75
792,1EY0A,T,A,82,V,7.0,20.0,-0.24
793,1EY0A,D,A,83,A,7.0,20.0,3.76
794,1EY0A,D,A,83,G,7.0,20.0,2.64
795,1EY0A,K,A,84,A,7.0,20.0,-0.1
796,1EY0A,K,A,84,E,7.0,20.0,-0.0
797,1EY0A,K,A,84,F,7.0,20.0,0.75
798,1EY0A,K,A,84,G,7.0,20.0,0.39
799,1EY0A,K,A,84,Q,7.0,20.0,0.15
800,1EY0A,Y,A,85,A,7.0,20.0,0.41
801,1EY0A,Y,A,85,F,7.0,20.0,0.07
802,1EY0A,Y,A,85,G,7.0,20.0,1.05
803,1EY0A,Y,A,85,L,7.0,20.0,0.15
804,1EY0A,G,A,86,A,7.0,20.0,0.31
805,1EY0A,G,A,86,F,7.0,20.0,1.99
806,1EY0A,G,A,86,V,7.0,20.0,3.74
807,1EY0A,R,A,87,A,7.0,20.0,0.79
808,1EY0A,R,A,87,G,7.0,20.0,2.53
809,1EY0A,G,A,88,A,7.0,20.0,-0.19
810,1EY0A,G,A,88,V,6.8,28.9,0.24
811,1EY0A,G,A,88,W,7.0,20.0,0.1
812,1EY0A,L,A,89,A,7.0,20.0,2.6
813,1EY0A,L,A,89,F,5.4,40.0,1.2
814,1EY0A,L,A,89,G,7.0,20.0,3.18
815,1EY0A,L,A,89,I,7.0,20.0,1.04
816,1EY0A,L,A,89,V,7.0,20.0,1.42
817,1EY0A,A,A,90,G,7.0,20.0,1.92
818,1EY0A,A,A,90,S,6.7,30.3,2.24
819,1EY0A,A,A,90,V,7.0,20.0,-0.04
820,1EY0A,Y,A,91,F,7.0,20.0,2.27
821,1EY0A,Y,A,91,L,7.0,20.0,3.83
822,1EY0A,I,A,92,A,7.0,20.0,4.12
823,1EY0A,I,A,92,L,7.0,20.0,0.6
824,1EY0A,I,A,92,M,7.0,20.0,1.75
825,1EY0A,I,A,92,V,7.0,20.0,0.46
826,1EY0A,Y,A,93,F,7.0,20.0,1.81
827,1EY0A,Y,A,93,L,7.0,20.0,4.53
828,1EY0A,A,A,94,G,7.0,20.0,2.54
829,1EY0A,A,A,94,V,7.0,20.0,1.13
830,1EY0A,D,A,95,A,7.0,20.0,3.5
831,1EY0A,D,A,95,G,7.0,20.0,2.93
832,1EY0A,G,A,96,A,7.0,20.0,1.8
833,1EY0A,G,A,96,F,7.0,20.0,2.55
834,1EY0A,G,A,96,V,7.0,20.0,3.74
835,1EY0A,K,A,97,A,7.0,20.0,0.22
836,1EY0A,K,A,97,E,7.0,20.0,0.47
837,1EY0A,K,A,97,F,7.0,20.0,0.58
838,1EY0A,K,A,97,G,7.0,20.0,1.85
839,1EY0A,K,A,97,Q,7.0,20.0,0.3
840,1EY0A,M,A,98,A,7.0,20.0,4.43
841,1EY0A,M,A,98,G,7.0,20.0,4.44
842,1EY0A,M,A,98,I,7.0,20.0,4.39
843,1EY0A,M,A,98,L,7.0,20.0,2.3
844,1EY0A,V,A,99,A,7.0,20.0,3.35
845,1EY0A,V,A,99,I,7.0,20.0,0.14
846,1EY0A,V,A,99,L,7.0,20.0,0.15
847,1EY0A,V,A,99,T,7.0,20.0,3.36
848,1EY0A,N,A,100,G,7.0,20.0,4.98
849,1EY0A,E,A,101,A,7.0,20.0,1.36
850,1EY0A,E,A,101,F,7.0,20.0,2.74
851,1EY0A,E,A,101,G,7.0,20.0,2.47
852,1EY0A,A,A,102,F,7.0,20.0,1.71
853,1EY0A,A,A,102,G,7.0,20.0,1.37
854,1EY0A,A,A,102,V,7.0,20.0,1.84
855,1EY0A,L,A,103,A,7.0,20.0,4.6
856,1EY0A,L,A,103,I,7.0,20.0,1.11
857,1EY0A,L,A,103,V,7.0,20.0,2.05
858,1EY0A,V,A,104,A,7.0,20.0,2.82
859,1EY0A,V,A,104,I,7.0,20.0,-0.27
860,1EY0A,V,A,104,L,7.0,20.0,0.76
861,1EY0A,V,A,104,S,7.0,20.0,4.86
862,1EY0A,V,A,104,T,7.0,20.0,2.45
863,1EY0A,R,A,105,A,7.0,20.0,1.32
864,1EY0A,R,A,105,C,7.0,20.0,2.55
865,1EY0A,R,A,105,F,7.0,20.0,2.84
866,1EY0A,R,A,105,G,7.0,20.0,2.4
867,1EY0A,Q,A,106,A,7.0,20.0,-0.25
868,1EY0A,Q,A,106,G,7.0,20.0,1.5
869,1EY0A,G,A,107,A,7.0,20.0,4.41
870,1EY0A,L,A,108,I,7.0,20.0,3.34
871,1EY0A,L,A,108,V,7.0,20.0,3.81
872,1EY0A,A,A,109,G,7.0,20.0,0.98
873,1EY0A,A,A,109,V,7.0,20.0,2.82
874,1EY0A,K,A,110,A,7.0,20.0,1.13
875,1EY0A,K,A,110,G,7.0,20.0,2.59
876,1EY0A,V,A,111,A,7.0,20.0,4.26
877,1EY0A,V,A,111,G,7.0,20.0,4.82
878,1EY0A,V,A,111,I,7.0,20.0,0.74
879,1EY0A,V,A,111,L,7.0,20.0,0.88
880,1EY0A,V,A,111,S,7.0,20.0,4.71
881,1EY0A,V,A,111,T,7.0,20.0,2.36
882,1EY0A,A,A,112,C,7.0,20.0,0.75
883,1EY0A,A,A,112,F,7.0,20.0,1.35
884,1EY0A,A,A,112,G,7.0,20.0,-0.2
885,1EY0A,A,A,112,V,7.0,20.0,1.19
886,1EY0A,Y,A,113,A,7.0,20.0,-0.06
887,1EY0A,Y,A,113,F,7.0,20.0,-0.07
888,1EY0A,Y,A,113,G,7.0,20.0,0.2
889,1EY0A,Y,A,113,L,7.0,20.0,-0.2
890,1EY0A,V,A,114,A,7.0,20.0,-0.14
891,1EY0A,V,A,114,G,7.0,20.0,0.03
892,1EY0A,V,A,114,I,7.0,20.0,0.15
893,1EY0A,V,A,114,L,7.0,20.0,1.07
894,1EY0A,V,A,114,S,7.0,20.0,0.04
895,1EY0A,V,A,114,T,7.0,20.0,0.31
896,1EY0A,Y,A,115,A,7.0,20.0,0.25
897,1EY0A,Y,A,115,F,7.0,20.0,0.02
898,1EY0A,Y,A,115,G,7.0,20.0,0.56
899,1EY0A,Y,A,115,L,7.0,20.0,0.22
900,1EY0A,K,A,116,A,7.0,20.0,-0.69
901,1EY0A,K,A,116,F,7.0,20.0,-0.21
902,1EY0A,K,A,116,G,7.0,20.0,-1.05
903,1EY0A,N,A,118,A,7.0,20.0,1.88
904,1EY0A,N,A,118,D,7.0,20.0,2.34
905,1EY0A,N,A,118,G,7.0,20.0,1.61
906,1EY0A,N,A,119,A,7.0,20.0,1.03
907,1EY0A,N,A,119,G,7.0,20.0,0.97
908,1EY0A,T,A,120,A,7.0,20.0,1.08
909,1EY0A,T,A,120,C,7.0,20.0,1.59
910,1EY0A,T,A,120,G,7.0,20.0,1.87
911,1EY0A,T,A,120,I,7.0,20.0,1.54
912,1EY0A,T,A,120,S,7.0,20.0,0.57
913,1EY0A,T,A,120,V,7.0,20.0,1.63
914,1EY0A,H,A,121,A,7.0,20.0,2.92
915,1EY0A,H,A,121,G,7.0,20.0,4.09
916,1EY0A,E,A,122,A,7.0,20.0,0.27
917,1EY0A,E,A,122,F,7.0,20.0,0.44
918,1EY0A,E,A,122,G,7.0,20.0,1.99
919,1EY0A,E,A,122,K,7.0,20.0,2.53
920,1EY0A,E,A,122,Q,7.0,20.0,1.52
921,1EY0A,Q,A,123,A,7.0,20.0,0.1
922,1EY0A,Q,A,123,F,7.0,20.0,0.51
923,1EY0A,Q,A,123,G,7.0,20.0,0.44
924,1EY0A,H,A,124,A,7.0,20.0,-0.57
925,1EY0A,H,A,124,E,7.0,20.0,-0.46
926,1EY0A,H,A,124,F,7.0,20.0,-0.51
927,1EY0A,H,A,124,G,7.0,20.0,0.52
928,1EY0A,H,A,124,L,5.9,46.9,-1.31
929,1EY0A,H,A,124,Q,7.0,20.0,-0.69
930,1EY0A,L,A,125,A,7.0,20.0,4.78
931,1EY0A,L,A,125,I,7.0,20.0,0.96
932,1EY0A,L,A,125,V,7.0,20.0,2.3
933,1EY0A,R,A,126,A,7.0,20.0,1.64
934,1EY0A,R,A,126,G,7.0,20.0,2.86
935,1EY0A,K,A,127,A,7.0,20.0,-0.24
936,1EY0A,K,A,127,E,7.0,20.0,-0.13
937,1EY0A,K,A,127,F,7.0,20.0,0.22
938,1EY0A,K,A,127,G,7.0,20.0,0.79
939,1EY0A,K,A,127,Q,7.0,20.0,-0.06
940,1EY0A,S,A,128,A,7.0,20.0,-0.83
941,1EY0A,S,A,128,F,7.0,20.0,1.0
942,1EY0A,S,A,128,G,7.0,20.0,1.52
943,1EY0A,E,A,129,A,7.0,20.0,2.2
944,1EY0A,E,A,129,F,7.0,20.0,3.88
945,1EY0A,E,A,129,G,7.0,20.0,3.72
946,1EY0A,A,A,130,G,7.0,20.0,1.0
947,1EY0A,A,A,130,V,7.0,20.0,1.08
948,1EY0A,Q,A,131,A,7.0,20.0,0.1
949,1EY0A,Q,A,131,F,7.0,20.0,0.55
950,1EY0A,Q,A,131,G,7.0,20.0,2.26
951,1EY0A,A,A,132,G,7.0,20.0,3.6
952,1EY0A,A,A,132,V,7.0,20.0,4.73
953,1EY0A,K,A,133,A,7.0,20.0,1.32
954,1EY0A,K,A,133,F,7.0,20.0,1.26
955,1EY0A,K,A,133,G,7.0,20.0,3.22
956,1EY0A,K,A,133,Q,7.0,20.0,0.44
957,1EY0A,K,A,134,A,7.0,20.0,-0.12
958,1EY0A,K,A,134,C,7.0,20.0,0.7
959,1EY0A,K,A,134,F,7.0,20.0,0.26
960,1EY0A,K,A,134,G,7.0,20.0,0.79
961,1EY0A,E,A,135,A,7.0,20.0,0.73
962,1EY0A,E,A,135,F,7.0,20.0,1.1
963,1EY0A,E,A,135,G,7.0,20.0,1.64
964,1EY0A,E,A,135,K,7.0,20.0,1.17
965,1EY0A,E,A,135,Q,7.0,20.0,0.71
966,1EY0A,K,A,136,A,7.0,20.0,0.75
967,1EY0A,K,A,136,F,7.0,20.0,0.97
968,1EY0A,K,A,136,G,7.0,20.0,0.02
969,1EY0A,L,A,137,A,7.0,20.0,2.18
970,1EY0A,L,A,137,G,7.0,20.0,4.43
971,1EY0A,L,A,137,I,7.0,20.0,0.76
972,1EY0A,L,A,137,V,7.0,20.0,1.42
973,1EY0A,N,A,138,A,7.0,20.0,0.97
974,1EY0A,N,A,138,G,7.0,20.0,-0.59
975,1EY0A,I,A,139,A,7.0,20.0,3.29
976,1EY0A,I,A,139,G,7.0,20.0,4.22
977,1EY0A,I,A,139,L,7.0,20.0,0.09
978,1EY0A,I,A,139,M,7.0,20.0,0.39
979,1EY0A,I,A,139,V,7.0,20.0,1.37
980,1EY0A,S,A,141,A,7.0,31.4,0.27
981,1EY0A,S,A,141,G,7.0,20.0,0.82
982,1FKJA,V,A,2,A,7.5,25.0,2.18
983,1FKJA,V,A,4,A,7.5,25.0,2.26
984,1FKJA,I,A,7,V,7.5,25.0,0.9
985,1FKJA,T,A,21,A,7.5,25.0,1.24
986,1FKJA,T,A,21,S,7.5,25.0,1.06
987,1FKJA,T,A,21,V,7.5,25.0,-0.56
988,1FKJA,V,A,23,A,7.5,25.0,2.62
989,1FKJA,V,A,24,A,7.5,25.0,3.04
990,1FKJA,T,A,27,A,7.5,25.0,1.71
991,1FKJA,T,A,27,S,7.5,25.0,1.07
992,1FKJA,T,A,27,V,7.5,25.0,-0.58
993,1FKJA,F,A,36,A,7.5,25.0,3.07
994,1FKJA,L,A,50,A,7.5,25.0,2.22
995,1FKJA,V,A,55,A,7.5,25.0,1.78
996,1FKJA,I,A,56,A,7.5,25.0,2.04
997,1FKJA,I,A,56,D,7.5,25.0,2.88
998,1FKJA,I,A,56,T,7.5,25.0,1.95
999,1FKJA,R,A,57,A,7.5,25.0,0.55
1000,1FKJA,R,A,57,G,7.5,25.0,1.89
1001,1FKJA,W,A,59,F,7.5,25.0,-2.72
1002,1FKJA,W,A,59,L,7.5,25.0,-2.35
1003,1FKJA,E,A,60,A,7.5,25.0,1.71
1004,1FKJA,E,A,60,G,7.5,25.0,2.62
1005,1FKJA,E,A,61,A,7.5,25.0,0.73
1006,1FKJA,E,A,61,G,7.5,25.0,2.2
1007,1FKJA,V,A,63,A,7.5,25.0,2.56
1008,1FKJA,T,A,75,A,7.5,25.0,2.27
1009,1FKJA,T,A,75,V,7.5,25.0,0.7
1010,1FKJA,I,A,76,A,7.5,25.0,3.36
1011,1FKJA,I,A,76,V,7.5,25.0,0.33
1012,1FKJA,I,A,91,A,7.5,25.0,1.33
1013,1FKJA,I,A,91,V,7.5,25.0,0.1
1014,1FKJA,L,A,97,A,7.5,25.0,3.01
1015,1FKJA,V,A,98,A,7.5,25.0,1.99
1016,1FKJA,V,A,101,A,7.5,25.0,2.39
1017,1FKJA,L,A,106,A,7.5,25.0,2.08
1018,1FNAA,L,A,8,A,5.0,25.0,1.81
1019,1FNAA,V,A,10,A,5.0,25.0,1.17
1020,1FNAA,A,A,13,G,5.0,25.0,1.18
1021,1FNAA,L,A,18,A,5.0,25.0,0.99
1022,1FNAA,I,A,20,A,5.0,25.0,0.65
1023,1FNAA,I,A,20,V,5.0,25.0,0.18
1024,1FNAA,W,A,22,F,5.0,25.0,1.97
1025,1FNAA,V,A,29,A,5.0,25.0,1.37
1026,1FNAA,Y,A,32,A,5.0,25.0,4.23
1027,1FNAA,Y,A,32,F,5.0,25.0,0.54
1028,1FNAA,Y,A,32,L,5.0,25.0,2.74
1029,1FNAA,I,A,34,A,5.0,25.0,4.86
1030,1FNAA,I,A,34,V,5.0,25.0,0.11
1031,1FNAA,Y,A,36,A,5.0,25.0,1.49
1032,1FNAA,F,A,48,A,5.0,25.0,1.98
1033,1FNAA,V,A,50,A,5.0,25.0,2.85
1034,1FNAA,A,A,57,G,5.0,25.0,2.49
1035,1FNAA,I,A,59,A,5.0,25.0,3.33
1036,1FNAA,I,A,59,V,5.0,25.0,0.72
1037,1FNAA,L,A,62,A,5.0,25.0,2.88
1038,1FNAA,V,A,66,A,5.0,25.0,0.91
1039,1FNAA,Y,A,68,A,5.0,25.0,1.88
1040,1FNAA,Y,A,68,F,5.0,25.0,2.14
1041,1FNAA,I,A,70,A,5.0,25.0,4.11
1042,1FNAA,I,A,70,V,5.0,25.0,1.28
1043,1FNAA,V,A,72,A,5.0,25.0,3.17
1044,1FNAA,A,A,74,G,5.0,25.0,1.56
1045,1FNAA,S,A,85,A,5.0,25.0,-0.13
1046,1FNAA,I,A,88,A,5.0,25.0,0.67
1047,1FNAA,I,A,88,V,5.0,25.0,0.33
1048,1FNAA,I,A,90,A,5.0,25.0,0.69
1049,1FNAA,I,A,90,V,5.0,25.0,0.4
1050,1FNAA,Y,A,92,A,5.0,25.0,1.11
1051,1FNAA,Y,A,92,F,5.0,25.0,-0.13
1052,1FTGA,L,A,6,A,7.0,34.6,3.11
1053,1FTGA,E,A,20,K,7.0,37.8,-1.16
1054,1FTGA,I,A,22,A,7.0,44.2,1.7
1055,1FTGA,I,A,22,V,7.0,25.0,1.66
1056,1FTGA,V,A,31,A,7.0,34.6,1.85
1057,1FTGA,E,A,40,K,7.0,37.8,-1.61
1058,1FTGA,D,A,43,A,7.0,34.6,-0.07
1059,1FTGA,I,A,51,V,7.0,34.6,1.75
1060,1FTGA,I,A,52,V,7.0,34.6,1.19
1061,1FTGA,E,A,61,K,7.0,34.6,-0.51
1062,1FTGA,D,A,65,K,7.0,34.6,0.1
1063,1FTGA,S,A,71,A,7.0,34.6,0.44
1064,1FTGA,E,A,72,K,7.0,37.8,-1.41
1065,1FTGA,D,A,75,K,7.0,37.8,-1.03
1066,1FTGA,A,A,84,G,7.0,34.6,1.9
1067,1FTGA,N,A,97,A,7.0,34.6,0.58
1068,1FTGA,Q,A,99,A,7.0,34.6,-1.59
1069,1FTGA,I,A,104,V,7.0,34.6,0.57
1070,1FTGA,S,A,110,A,7.0,34.6,0.73
1071,1FTGA,V,A,117,A,7.0,34.6,2.02
1072,1FTGA,T,A,122,S,7.0,34.6,-0.03
1073,1FTGA,D,A,126,K,7.0,37.8,-0.81
1074,1FTGA,V,A,139,A,7.0,34.6,1.09
1075,1FTGA,L,A,143,A,7.0,34.6,0.17
1076,1FTGA,D,A,150,K,7.0,37.8,0.21
1077,1FTGA,I,A,156,V,7.0,34.6,3.16
1078,1FTGA,V,A,160,A,7.0,34.6,2.07
1079,1FVKA,C,A,30,S,7.5,25.0,1.79
1080,1FVKA,H,A,32,L,7.0,30.0,-5.3
1081,1FVKA,H,A,32,S,7.0,30.0,-5.2
1082,1FVKA,H,A,32,Y,7.0,30.0,-6.8
1083,1FVKA,C,A,33,S,7.5,25.0,1.15
1084,1G4IA,F,A,22,A,8.0,30.0,-0.25
1085,1G4IA,F,A,22,I,8.0,30.0,-1.43
1086,1G4IA,F,A,22,Y,8.0,30.0,-0.83
1087,1G4IA,H,A,48,A,8.0,30.0,1.93
1088,1G4IA,H,A,48,N,8.0,30.0,2.44
1089,1G4IA,H,A,48,Q,8.0,30.0,0.49
1090,1G4IA,F,A,106,A,8.0,25.0,1.23
1091,1G4IA,F,A,106,I,8.0,30.0,-0.95
1092,1G4IA,F,A,106,Y,8.0,30.0,-0.07
1093,1G6NA,S,A,128,A,7.9,20.0,0.26
1094,1H7MA,D,A,2,A,7.4,25.0,0.53
1095,1H7MA,E,A,6,A,7.4,25.0,0.77
1096,1H7MA,R,A,8,A,7.4,25.0,0.77
1097,1H7MA,K,A,9,A,7.4,25.0,0.29
1098,1H7MA,D,A,12,A,7.4,25.0,-0.24
1099,1H7MA,K,A,15,A,7.4,25.0,0.91
1100,1H7MA,R,A,21,A,7.4,25.0,-0.07
1101,1H7MA,K,A,22,A,7.4,25.0,-0.43
1102,1H7MA,K,A,28,A,7.4,25.0,1.2
1103,1H7MA,K,A,33,A,7.4,25.0,-0.12
1104,1H7MA,R,A,39,A,7.4,25.0,0.07
1105,1H7MA,R,A,42,A,7.4,25.0,-0.33
1106,1H7MA,D,A,44,A,7.4,25.0,-0.05
1107,1H7MA,K,A,46,A,7.4,25.0,1.1
1108,1H7MA,E,A,47,A,7.4,25.0,0.05
1109,1H7MA,D,A,48,A,7.4,25.0,-0.36
1110,1H7MA,E,A,50,A,7.4,25.0,-0.57
1111,1H7MA,R,A,54,A,7.4,25.0,0.26
1112,1H7MA,E,A,62,A,7.4,25.0,1.29
1113,1H7MA,E,A,64,A,7.4,25.0,0.26
1114,1H7MA,E,A,69,A,7.4,25.0,0.74
1115,1H7MA,R,A,76,A,7.4,25.0,-0.19
1116,1H7MA,H,A,78,A,7.4,25.0,0.5
1117,1H7MA,D,A,87,A,7.4,25.0,1.36
1118,1H7MA,E,A,90,A,7.4,25.0,0.41
1119,1H7MA,R,A,92,A,7.4,25.0,0.31
1120,1HFZA,H,A,32,A,7.4,56.2,2.13
1121,1HFZA,H,A,32,Y,7.4,56.2,-0.07
1122,1HFZA,V,A,42,A,7.4,56.2,0.93
1123,1HFZA,V,A,42,G,7.4,56.2,1.15
1124,1HFZA,V,A,42,N,7.4,56.2,0.24
1125,1HFZA,Q,A,54,A,7.4,56.2,0.41
1126,1HFZA,I,A,59,W,7.4,56.2,0.93
1127,1HFZA,Y,A,103,A,7.4,56.2,2.39
1128,1HFZA,W,A,104,Y,7.4,56.2,2.44
1129,1HFZA,A,A,106,S,7.4,56.2,1.05
1130,1HFZA,H,A,107,A,7.4,56.2,0.79
1131,1HFZA,H,A,107,W,7.4,56.2,1.72
1132,1HFZA,H,A,107,Y,7.4,56.2,0.19
1133,1HFZA,L,A,110,E,7.4,56.2,0.19
1134,1HFZA,L,A,110,H,7.4,56.2,-1.39
1135,1HFZA,L,A,110,R,7.4,56.2,-0.43
1136,1HFZA,K,A,114,E,7.4,56.2,0.65
1137,1HFZA,K,A,114,N,7.4,56.2,-2.66
1138,1HFZA,K,A,114,Q,7.4,56.2,0.6
1139,1HFZA,Q,A,117,A,7.4,56.2,0.96
1140,1HFZA,W,A,118,H,7.4,56.2,0.6
1141,1HFZA,W,A,118,Y,7.4,56.2,1.17
1142,1HK0X,M,X,43,A,7.0,37.0,0.7
1143,1HK0X,Q,X,54,A,7.0,37.0,-0.5
1144,1HK0X,F,X,56,A,7.0,37.0,1.2
1145,1HK0X,R,X,79,A,7.0,37.0,2.3
1146,1HK0X,I,X,81,A,7.0,37.0,2.6
1147,1HK0X,V,X,132,A,7.0,37.0,3.8
1148,1HK0X,Q,X,143,A,7.0,37.0,0.4
1149,1HK0X,L,X,145,A,7.0,37.0,2.6
1150,1HK0X,M,X,147,A,7.0,37.0,1.1
1151,1HK0X,V,X,170,A,7.0,37.0,-1.3
1152,1HMEA,S,A,33,H,7.0,20.0,1.85
1153,1HMEA,I,A,34,H,7.0,20.0,0.95
1154,1HMEA,G,A,35,H,7.0,20.0,0.33
1155,1HMKA,V,A,8,A,7.0,25.0,0.83
1156,1HMKA,L,A,12,A,7.0,25.0,2.73
1157,1HMKA,W,A,26,F,7.5,25.0,2.11
1158,1HMKA,V,A,27,A,7.0,25.0,1.24
1159,1HMKA,T,A,29,I,6.4,24.5,-3.55
1160,1HMKA,T,A,29,V,7.0,25.0,-2.26
1161,1HMKA,A,A,30,I,6.1,24.0,-1.47
1162,1HMKA,A,A,30,T,6.1,24.0,-0.48
1163,1HMKA,T,A,33,I,6.1,24.0,0.64
1164,1HMKA,T,A,38,A,7.0,58.8,1.3
1165,1HMKA,L,A,52,A,7.0,25.0,3.22
1166,1HMKA,I,A,55,V,7.0,25.0,2.72
1167,1HMKA,W,A,60,A,7.0,25.0,2.01
1168,1HMKA,W,A,60,F,7.5,25.0,0.68
1169,1HMKA,D,A,87,N,7.0,25.0,1.14
1170,1HMKA,I,A,89,V,7.0,25.0,0.86
1171,1HMKA,V,A,90,A,7.0,25.0,-0.9
1172,1HMKA,K,A,93,A,7.0,25.0,1.72
1173,1HMKA,I,A,95,V,7.0,25.0,1.72
1174,1HMKA,L,A,96,A,7.0,25.0,1.75
1175,1HMKA,Y,A,103,F,7.0,25.0,2.13
1176,1HMKA,W,A,104,F,7.5,25.0,1.96
1177,1HMKA,L,A,105,A,7.0,25.0,0.28
1178,1HMKA,L,A,110,A,7.0,25.0,0.35
1179,1HMKA,W,A,118,F,7.0,25.0,0.31
1180,1HMSA,F,A,4,S,8.0,37.0,3.67
1181,1HMSA,W,A,8,E,8.0,37.0,3.82
1182,1HMSA,F,A,16,S,8.0,37.0,3.98
1183,1HMSA,F,A,16,Y,8.0,25.0,2.56
1184,1HMSA,K,A,21,I,8.0,37.0,-0.0
1185,1HMSA,T,A,40,E,8.0,25.0,2.4
1186,1HMSA,T,A,40,Q,8.0,25.0,2.73
1187,1HMSA,T,A,40,V,8.0,25.0,0.76
1188,1HMSA,F,A,57,S,8.0,25.0,2.43
1189,1HMSA,F,A,64,S,8.0,37.0,3.82
1190,1HMSA,L,A,66,G,8.0,37.0,3.67
1191,1HMSA,G,A,67,S,8.0,37.0,1.22
1192,1HMSA,E,A,72,S,8.0,37.0,3.67
1193,1HMSA,R,A,106,T,8.0,25.0,2.84
1194,1HMSA,R,A,126,K,8.0,25.0,3.26
1195,1HMSA,R,A,126,Q,8.0,25.0,0.31
1196,1HMSA,Y,A,128,F,8.0,25.0,2.68
1197,1HTIA,S,A,105,D,8.0,25.0,0.65
1198,1HTIA,Q,A,179,A,8.0,25.0,-0.05
1199,1HTIA,Q,A,179,D,8.0,25.0,-0.75
1200,1HTIA,K,A,193,A,8.0,25.0,-0.5
1201,1HUUA,A,A,27,S,7.0,63.9,1.19
1202,1HUUA,S,A,31,T,7.0,63.9,-0.41
1203,1HUUA,V,A,42,I,7.0,63.9,0.82
1204,1HUUA,A,A,56,S,7.0,63.9,0.13
1205,1HUUA,M,A,69,I,7.0,63.9,-0.0
1206,1IETA,D,A,60,R,7.2,25.0,-0.14
1207,1IFCA,W,A,6,Y,7.0,25.0,0.87
1208,1IFCA,I,A,23,C,8.1,20.0,-0.51
1209,1IFCA,S,A,53,C,8.1,20.0,-0.31
1210,1IFCA,V,A,60,C,8.1,20.0,0.07
1211,1IFCA,V,A,60,N,7.0,25.0,0.83
1212,1IFCA,L,A,64,A,7.4,20.0,1.68
1213,1IFCA,L,A,64,G,7.4,20.0,2.26
1214,1IFCA,G,A,65,A,7.4,20.0,0.94
1215,1IFCA,F,A,68,A,7.0,25.0,0.42
1216,1IFCA,L,A,72,C,8.1,20.0,-0.02
1217,1IFCA,W,A,82,Y,7.0,25.0,0.39
1218,1IFCA,L,A,89,C,8.1,20.0,1.25
1219,1IFCA,F,A,93,A,7.0,25.0,2.37
1220,1IFCA,A,A,104,C,8.1,20.0,-1.32
1221,1IGVA,L,A,6,V,7.0,25.0,1.72
1222,1IGVA,F,A,10,A,7.0,25.0,4.12
1223,1IGVA,Y,A,13,F,7.1,25.0,1.08
1224,1IGVA,E,A,17,Q,7.1,25.0,-0.33
1225,1IGVA,D,A,19,N,7.0,25.0,-0.83
1226,1IGVA,L,A,23,A,7.0,25.0,3.24
1227,1IGVA,L,A,23,G,7.0,25.0,3.95
1228,1IGVA,E,A,26,Q,7.0,25.0,0.03
1229,1IGVA,L,A,28,A,7.0,25.0,2.2
1230,1IGVA,V,A,61,A,7.0,25.0,2.93
1231,1IGVA,V,A,61,G,7.0,25.0,3.6
1232,1IGVA,F,A,66,A,7.0,25.0,4.2
1233,1IGVA,F,A,66,W,7.0,25.0,0.93
1234,1IGVA,V,A,70,L,7.0,25.0,0.13
1235,1IGVA,I,A,73,V,7.0,25.0,1.34
1236,1IHBA,F,A,37,H,7.5,25.0,0.66
1237,1IHBA,R,A,55,V,7.5,25.0,0.15
1238,1IHBA,F,A,71,N,7.5,25.0,-0.46
1239,1IHBA,F,A,82,Q,7.5,25.0,0.37
1240,1IHBA,F,A,92,N,7.5,25.0,0.71
1241,1IMQA,V,A,19,L,6.0,10.0,1.82
1242,1IMQA,A,A,25,G,6.0,10.0,0.14
1243,1IMQA,E,A,31,L,6.0,10.0,0.67
1244,1IMQA,V,A,34,L,6.0,10.0,-0.33
1245,1IMQA,V,A,37,L,6.0,10.0,0.26
1246,1IMQA,E,A,41,V,6.0,10.0,-0.89
1247,1IMQA,V,A,68,I,6.0,10.0,0.81
1248,1IMQA,V,A,71,I,6.0,10.0,-0.07
1249,1IO2A,D,A,7,N,9.0,50.0,-0.46
1250,1IO2A,E,A,8,A,9.0,50.0,-1.77
1251,1IO2A,E,A,8,Q,9.0,50.0,1.25
1252,1IO2A,D,A,105,A,9.0,50.0,-1.72
1253,1IO2A,D,A,135,A,9.0,50.0,-1.82
1254,1IROA,V,A,24,I,9.1,107.0,-0.36
1255,1IROA,I,A,33,L,9.1,107.0,-0.76
1256,1JIWI,D,I,10,A,7.1,25.0,0.7
1257,1JIWI,W,I,15,F,7.1,25.0,2.3
1258,1K9QA,A,A,20,R,7.0,56.7,-0.89
1259,1K9QA,L,A,30,Y,7.0,56.7,-0.27
1260,1K9QA,D,A,34,T,7.0,56.7,-0.37
1261,1KCQA,D,A,187,N,7.2,25.0,1.05
1262,1KCQA,D,A,187,Y,7.2,15.0,2.03
1263,1KDXA,Y,A,640,F,6.0,25.0,-0.0
1264,1KE4A,Y,A,150,F,6.8,38.9,2.05
1265,1KFWA,N,A,197,K,7.5,16.0,-0.81
1266,1KFWA,G,A,405,Q,7.5,16.0,-0.62
1267,1LBIA,K,A,84,L,7.4,25.0,0.2
1268,1LNIA,V,A,2,T,7.0,48.4,0.9
1269,1LNIA,T,A,5,V,7.0,48.4,-0.0
1270,1LNIA,T,A,16,V,7.0,48.4,-0.3
1271,1LNIA,D,A,17,K,7.0,25.0,1.1
1272,1LNIA,T,A,18,V,7.0,48.4,1.4
1273,1LNIA,D,A,25,K,7.0,36.1,-0.9
1274,1LNIA,Y,A,30,F,7.0,25.0,-0.4
1275,1LNIA,V,A,36,T,7.0,48.4,1.3
1276,1LNIA,Q,A,38,A,6.3,51.9,-0.74
1277,1LNIA,N,A,39,A,7.0,48.4,2.2
1278,1LNIA,N,A,39,D,7.0,48.4,1.5
1279,1LNIA,N,A,39,S,7.0,48.4,2.3
1280,1LNIA,E,A,41,K,6.6,42.2,1.11
1281,1LNIA,V,A,43,T,7.0,48.4,0.5
1282,1LNIA,Y,A,49,F,7.0,25.0,0.2
1283,1LNIA,Y,A,51,F,7.0,25.0,2.3
1284,1LNIA,Y,A,52,F,7.0,25.0,3.6
1285,1LNIA,E,A,54,Q,6.3,51.9,1.96
1286,1LNIA,Y,A,55,F,7.0,25.0,0.6
1287,1LNIA,T,A,56,V,7.0,48.4,1.9
1288,1LNIA,V,A,57,T,7.0,48.4,4.4
1289,1LNIA,T,A,59,V,7.0,48.4,1.7
1290,1LNIA,R,A,65,A,6.3,51.9,1.13
1291,1LNIA,T,A,67,V,7.0,48.4,-0.0
1292,1LNIA,T,A,72,V,7.0,48.4,0.2
1293,1LNIA,E,A,74,K,6.7,43.5,-0.84
1294,1LNIA,D,A,79,A,6.8,49.1,-2.48
1295,1LNIA,D,A,79,E,7.0,52.6,0.4
1296,1LNIA,D,A,79,F,6.8,49.1,-2.73
1297,1LNIA,D,A,79,H,7.0,52.6,-1.7
1298,1LNIA,D,A,79,I,7.0,52.6,-2.85
1299,1LNIA,D,A,79,K,7.0,52.6,-2.35
1300,1LNIA,D,A,79,L,7.0,52.6,-2.65
1301,1LNIA,D,A,79,N,6.8,49.1,-1.46
1302,1LNIA,D,A,79,R,7.0,52.6,-2.7
1303,1LNIA,D,A,79,W,7.0,52.6,-2.25
1304,1LNIA,D,A,79,Y,7.0,52.6,-2.9
1305,1LNIA,Y,A,80,F,7.0,25.0,1.5
1306,1LNIA,Y,A,81,F,7.0,25.0,1.2
1307,1LNIA,T,A,82,V,7.0,48.4,1.7
1308,1LNIA,H,A,85,Q,6.3,51.9,-0.0
1309,1LNIA,Y,A,86,F,7.0,25.0,0.3
1310,1LNIA,Q,A,94,K,6.8,47.5,-0.56
1311,1LUCA,A,A,81,H,7.0,25.0,2.7
1312,1LUCB,H,B,81,A,7.0,25.0,2.1
1313,1LUCB,H,B,82,A,7.0,25.0,2.7
1314,1LVEA,M,A,4,L,7.5,25.0,-1.04
1315,1LVEA,L,A,27C,N,7.5,25.0,0.57
1316,1LVEA,L,A,27C,Q,7.5,25.0,-0.63
1317,1LVEA,V,A,27B,L,7.5,25.0,-1.67
1318,1LVEA,Y,A,27D,D,7.5,25.0,-2.19
1319,1LVEA,N,A,28,F,7.5,25.0,2.41
1320,1LVEA,S,A,29,N,7.5,25.0,-0.39
1321,1LVEA,K,A,30,R,7.5,25.0,0.55
1322,1LVEA,K,A,30,T,7.5,25.0,1.33
1323,1LVEA,Q,A,38,N,7.5,25.0,1.6
1324,1LVEA,K,A,39,T,7.5,25.0,2.29
1325,1LVEA,Q,A,89,H,7.5,25.0,0.9
1326,1LVEA,Q,A,89,N,7.5,25.0,1.26
1327,1LVEA,T,A,94,H,7.5,25.0,-0.73
1328,1LVEA,Y,A,96,Q,7.5,25.0,2.09
1329,1LVEA,S,A,97,T,7.5,25.0,-0.13
1330,1LVEA,I,A,106,L,7.5,25.0,0.51
1331,1LZ1A,K,A,1,A,2.7,64.9,0.6
1332,1LZ1A,K,A,1,M,2.7,64.9,0.12
1333,1LZ1A,V,A,2,A,2.7,64.9,1.51
1334,1LZ1A,V,A,2,D,2.7,64.9,1.44
1335,1LZ1A,V,A,2,F,2.7,64.9,0.86
1336,1LZ1A,V,A,2,G,2.7,64.9,2.3
1337,1LZ1A,V,A,2,I,2.7,64.9,-1.1
1338,1LZ1A,V,A,2,L,2.7,64.9,0.05
1339,1LZ1A,V,A,2,M,2.7,64.9,0.31
1340,1LZ1A,V,A,2,N,2.7,64.9,1.34
1341,1LZ1A,V,A,2,R,2.7,64.9,0.38
1342,1LZ1A,V,A,2,S,2.7,64.9,1.41
1343,1LZ1A,V,A,2,Y,2.7,64.9,0.36
1344,1LZ1A,E,A,7,Q,3.5,65.0,0.94
1345,1LZ1A,L,A,8,T,2.7,64.9,3.73
1346,1LZ1A,A,A,9,S,2.7,64.9,0.02
1347,1LZ1A,G,A,16,A,2.7,64.9,1.39
1348,1LZ1A,D,A,18,N,3.4,65.0,1.28
1349,1LZ1A,G,A,19,A,2.7,64.9,1.77
1350,1LZ1A,Y,A,20,F,2.7,64.9,0.5
1351,1LZ1A,R,A,21,A,2.7,64.9,-1.32
1352,1LZ1A,R,A,21,G,2.7,64.9,-1.15
1353,1LZ1A,G,A,22,A,2.7,64.9,1.79
1354,1LZ1A,I,A,23,A,2.7,64.9,2.54
1355,1LZ1A,I,A,23,V,2.7,64.9,0.36
1356,1LZ1A,A,A,32,L,2.7,64.9,0.1
1357,1LZ1A,A,A,32,S,2.7,64.9,0.33
1358,1LZ1A,E,A,35,L,2.7,64.9,0.53
1359,1LZ1A,G,A,37,A,2.7,64.9,0.29
1360,1LZ1A,G,A,37,Q,3.0,52.3,0.4
1361,1LZ1A,Y,A,38,A,2.7,64.9,2.49
1362,1LZ1A,Y,A,38,F,2.7,64.9,0.19
1363,1LZ1A,Y,A,38,G,2.7,64.9,2.32
1364,1LZ1A,Y,A,45,F,2.7,64.9,-0.07
1365,1LZ1A,G,A,48,A,2.7,64.9,-0.45
1366,1LZ1A,D,A,49,N,3.4,65.0,0.65
1367,1LZ1A,R,A,50,A,2.7,64.9,-0.43
1368,1LZ1A,R,A,50,G,3.0,52.3,-0.32
1369,1LZ1A,Y,A,54,F,2.7,64.9,0.96
1370,1LZ1A,I,A,56,A,2.7,64.9,3.71
1371,1LZ1A,I,A,56,F,2.7,64.9,4.09
1372,1LZ1A,I,A,56,L,2.7,64.9,0.1
1373,1LZ1A,I,A,56,M,2.7,64.9,1.77
1374,1LZ1A,I,A,56,T,3.0,52.3,4.31
1375,1LZ1A,I,A,56,V,2.7,64.9,1.2
1376,1LZ1A,Q,A,58,A,2.7,64.9,-0.91
1377,1LZ1A,Q,A,58,G,3.0,52.3,-1.91
1378,1LZ1A,I,A,59,A,2.7,64.9,1.72
1379,1LZ1A,I,A,59,F,2.7,64.9,0.81
1380,1LZ1A,I,A,59,G,2.7,64.9,3.83
1381,1LZ1A,I,A,59,L,2.7,64.9,-0.0
1382,1LZ1A,I,A,59,M,2.7,64.9,1.29
1383,1LZ1A,I,A,59,S,2.7,64.9,3.59
1384,1LZ1A,I,A,59,T,2.7,64.9,2.22
1385,1LZ1A,I,A,59,V,2.7,64.9,1.1
1386,1LZ1A,I,A,59,Y,2.7,64.9,3.78
1387,1LZ1A,Y,A,63,F,2.7,64.9,0.24
1388,1LZ1A,D,A,67,H,4.0,10.0,3.73
1389,1LZ1A,D,A,67,N,3.5,65.0,1.39
1390,1LZ1A,G,A,68,A,2.7,64.9,0.12
1391,1LZ1A,G,A,72,A,2.7,64.9,0.36
1392,1LZ1A,V,A,74,A,2.7,64.9,0.36
1393,1LZ1A,V,A,74,D,2.7,64.9,0.43
1394,1LZ1A,V,A,74,F,2.7,64.9,0.29
1395,1LZ1A,V,A,74,G,2.7,64.9,0.22
1396,1LZ1A,V,A,74,I,2.7,64.9,-0.45
1397,1LZ1A,V,A,74,L,2.7,64.9,-0.19
1398,1LZ1A,V,A,74,M,2.7,64.9,-0.65
1399,1LZ1A,V,A,74,N,2.7,64.9,0.33
1400,1LZ1A,V,A,74,R,2.7,64.9,0.07
1401,1LZ1A,V,A,74,S,2.7,64.9,0.38
1402,1LZ1A,V,A,74,Y,2.7,64.9,0.24
1403,1LZ1A,C,A,77,A,3.0,57.0,4.6
1404,1LZ1A,H,A,78,A,2.7,64.9,0.14
1405,1LZ1A,H,A,78,G,3.0,52.3,0.21
1406,1LZ1A,I,A,89,A,2.7,64.9,2.7
1407,1LZ1A,I,A,89,V,2.7,64.9,0.48
1408,1LZ1A,A,A,92,S,2.7,64.9,-0.81
1409,1LZ1A,V,A,93,A,2.7,64.9,0.74
1410,1LZ1A,V,A,93,T,2.7,64.9,0.67
1411,1LZ1A,A,A,96,M,2.7,64.9,-0.02
1412,1LZ1A,A,A,96,S,2.7,64.9,1.0
1413,1LZ1A,V,A,99,A,2.7,64.9,0.98
1414,1LZ1A,V,A,99,T,2.7,64.9,0.5
1415,1LZ1A,V,A,100,A,2.7,64.9,0.26
1416,1LZ1A,V,A,100,F,2.7,64.9,1.65
1417,1LZ1A,V,A,100,T,2.7,64.9,0.29
1418,1LZ1A,D,A,102,N,3.5,65.0,0.15
1419,1LZ1A,G,A,105,A,2.7,64.9,0.62
1420,1LZ1A,I,A,106,A,2.7,64.9,0.93
1421,1LZ1A,I,A,106,V,2.7,64.9,0.72
1422,1LZ1A,V,A,110,A,2.7,64.9,-0.53
1423,1LZ1A,V,A,110,D,2.7,64.9,-0.17
1424,1LZ1A,V,A,110,F,2.7,64.9,0.05
1425,1LZ1A,V,A,110,G,2.7,64.9,-0.48
1426,1LZ1A,V,A,110,I,2.7,64.9,-0.86
1427,1LZ1A,V,A,110,L,2.7,64.9,-0.07
1428,1LZ1A,V,A,110,M,2.7,64.9,-0.53
1429,1LZ1A,V,A,110,N,2.7,64.9,-0.07
1430,1LZ1A,V,A,110,R,2.7,64.9,-0.89
1431,1LZ1A,V,A,110,Y,2.7,64.9,0.14
1432,1LZ1A,N,A,118,A,2.7,64.9,-0.19
1433,1LZ1A,N,A,118,G,2.7,64.9,-0.05
1434,1LZ1A,D,A,120,N,3.5,65.0,0.17
1435,1LZ1A,V,A,121,A,2.7,64.9,1.44
1436,1LZ1A,Y,A,124,F,2.7,64.9,0.36
1437,1LZ1A,V,A,125,A,2.7,64.9,1.32
1438,1LZ1A,G,A,127,A,2.7,64.9,0.55
1439,1LZ1A,G,A,129,A,2.7,64.9,-0.14
1440,1LZ1A,V,A,130,A,2.7,64.9,0.84
1441,1MBGA,V,A,103,A,7.5,25.0,2.32
1442,1MBGA,V,A,103,I,7.5,25.0,-0.69
1443,1MBGA,V,A,103,L,7.4,21.4,-2.08
1444,1MGRA,Y,A,11,F,7.0,25.0,0.6
1445,1MGRA,Y,A,33,F,7.0,25.0,-0.5
1446,1MGRA,Y,A,54,F,7.0,25.0,2.6
1447,1MGRA,Y,A,55,F,7.0,25.0,2.1
1448,1MGRA,Y,A,58,F,7.0,25.0,0.7
1449,1MGRA,Y,A,83,F,7.0,25.0,1.5
1450,1MGRA,Y,A,84,F,7.0,25.0,1.0
1451,1MGRA,Y,A,89,F,7.0,25.0,-0.0
1452,1MJCA,F,A,18,L,7.0,25.0,1.0
1453,1MJCA,F,A,18,S,7.0,25.0,1.54
1454,1MJCA,F,A,20,L,7.0,25.0,0.31
1455,1MJCA,F,A,20,S,7.0,25.0,1.16
1456,1MJCA,F,A,31,L,7.0,25.0,0.66
1457,1MJCA,F,A,31,S,7.0,25.0,1.03
1458,1MJCA,Y,A,42,W,7.0,25.0,-0.15
1459,1MJCA,S,A,52,W,7.0,25.0,0.2
1460,1MJCA,T,A,68,W,7.0,25.0,-0.7
1461,1MSIA,R,A,23,A,7.0,25.0,0.89
1462,1MSIA,E,A,25,A,7.0,25.0,0.09
1463,1MSIA,D,A,36,A,7.0,25.0,-0.3
1464,1MSIA,R,A,39,A,7.0,25.0,0.8
1465,1MSIA,R,A,47,A,7.0,25.0,0.74
1466,1MSIA,D,A,58,N,7.0,25.0,0.2
1467,1N0JA,Y,A,34,F,7.8,88.9,-4.75
1468,1N0JA,I,A,58,T,7.8,88.9,2.95
1469,1N0JA,Q,A,143,N,7.8,88.9,-1.04
1470,1OH0A,Y,A,16,F,7.0,25.0,1.79
1471,1OH0A,Y,A,32,F,7.0,25.0,-0.2
1472,1OH0A,Y,A,57,F,7.0,25.0,1.22
1473,1OH0A,Y,A,57,S,7.0,25.0,4.53
1474,1OH0A,V,A,101,L,7.0,25.0,1.72
1475,1OIAA,Y,A,13,F,7.0,22.0,0.7
1476,1OIAA,Y,A,13,T,7.0,22.0,1.3
1477,1OIAA,Y,A,31,F,7.0,22.0,-0.0
1478,1OIAA,Y,A,31,S,7.0,22.0,2.3
1479,1OIAA,Y,A,78,F,7.0,22.0,-0.0
1480,1OIAA,Y,A,86,F,7.0,22.0,2.6
1481,1OIAA,Y,A,86,T,7.0,22.0,2.9
1482,1ONCA,M,A,23,L,7.0,0.4,2.76
1483,1ONCA,F,A,28,A,5.5,20.0,5.0
1484,1ONCA,F,A,36,Y,5.5,20.0,4.67
1485,1OTRB,K,B,11,A,5.0,25.0,0.14
1486,1OTRB,I,B,30,F,3.0,50.0,3.32
1487,1OTRB,I,B,30,L,3.0,50.0,1.96
1488,1OTRB,I,B,30,V,3.0,50.0,1.58
1489,1OTRB,E,B,34,D,5.0,25.0,1.0
1490,1OTRB,E,B,34,L,5.0,25.0,-0.96
1491,1OTRB,E,B,34,S,5.0,25.0,0.6
1492,1OTRB,I,B,36,F,3.0,50.0,0.86
1493,1OTRB,I,B,36,L,3.0,50.0,1.32
1494,1OTRB,I,B,36,V,3.0,50.0,0.79
1495,1P2PA,H,A,48,K,7.0,20.0,2.12
1496,1P2PA,H,A,48,N,7.0,20.0,1.69
1497,1P2PA,H,A,48,Q,7.0,20.0,0.64
1498,1PDOA,W,A,12,F,7.4,22.0,-1.79
1499,1PDOA,W,A,33,F,7.4,22.0,1.08
1500,1PDOA,W,A,69,F,7.4,22.0,2.15
1501,1PGAA,I,A,6,L,5.4,25.0,1.39
1502,1PGAA,I,A,6,N,5.2,44.0,1.73
1503,1PGAA,I,A,6,T,5.2,44.0,1.79
1504,1PGAA,D,A,22,G,5.5,25.0,1.52
1505,1PGAA,T,A,53,A,5.2,20.0,0.51
1506,1PGAA,T,A,53,D,5.2,20.0,1.15
1507,1PGAA,T,A,53,E,5.2,20.0,0.4
1508,1PGAA,T,A,53,F,5.2,37.1,-0.55
1509,1PGAA,T,A,53,I,5.2,37.1,0.1
1510,1PGAA,T,A,53,R,5.2,20.0,0.28
1511,1PGAA,T,A,53,V,5.2,44.0,0.58
1512,1PGAA,T,A,53,Y,5.2,44.0,-0.52
1513,1POHA,S,A,31,A,7.0,30.0,0.4
1514,1POHA,S,A,46,A,7.0,30.0,1.01
1515,1POHA,S,A,46,D,7.0,30.0,-1.44
1516,1POHA,S,A,46,N,7.0,30.0,-0.39
1517,1POHA,K,A,49,A,7.0,25.0,-1.39
1518,1POHA,K,A,49,D,7.0,25.0,-1.41
1519,1POHA,K,A,49,E,7.0,36.2,-1.85
1520,1POHA,K,A,49,G,7.0,25.0,-1.05
1521,1POHA,K,A,49,M,7.0,25.0,-0.94
1522,1POHA,K,A,49,N,7.0,25.0,-0.35
1523,1POHA,K,A,49,Q,7.0,25.0,-1.39
1524,1POHA,K,A,49,R,7.0,25.0,0.15
1525,1POHA,K,A,49,S,7.0,25.0,-0.95
1526,1QGVA,G,A,126,D,7.8,20.0,0.93
1527,1QLPA,A,A,31,I,6.5,25.0,-0.9
1528,1QLPA,A,A,31,L,6.5,25.0,-0.9
1529,1QLPA,A,A,31,V,6.5,25.0,-0.6
1530,1QLPA,F,A,51,C,6.5,23.0,-3.01
1531,1QLPA,F,A,51,L,6.5,25.0,-2.1
1532,1QLPA,V,A,55,I,6.5,25.0,0.2
1533,1QLPA,V,A,55,L,6.5,25.0,0.3
1534,1QLPA,T,A,59,A,6.5,25.0,-1.0
1535,1QLPA,T,A,68,A,6.5,25.0,-1.0
1536,1QLPA,A,A,70,G,6.5,25.0,-1.6
1537,1QLPA,V,A,145,I,6.5,25.0,-0.2
1538,1QLPA,V,A,145,L,6.5,25.0,0.7
1539,1QLPA,Y,A,160,A,7.8,25.0,0.21
1540,1QLPA,Y,A,160,W,7.8,25.0,-1.18
1541,1QLPA,V,A,173,I,6.5,25.0,-0.5
1542,1QLPA,V,A,173,L,6.5,25.0,0.6
1543,1QLPA,A,A,183,F,6.5,25.0,-1.5
1544,1QLPA,A,A,183,I,6.5,25.0,-1.8
1545,1QLPA,A,A,183,L,6.5,25.0,-1.4
1546,1QLPA,A,A,183,V,6.5,25.0,-3.8
1547,1QLPA,W,A,194,F,7.8,25.0,0.47
1548,1QLPA,W,A,238,F,7.8,25.0,-0.98
1549,1QLPA,A,A,248,F,6.5,25.0,-1.8
1550,1QLPA,A,A,248,I,6.5,25.0,-2.2
1551,1QLPA,A,A,248,L,6.5,25.0,-0.35
1552,1QLPA,A,A,248,V,6.5,25.0,-2.3
1553,1QLPA,A,A,250,I,6.5,25.0,0.4
1554,1QLPA,A,A,250,L,6.5,25.0,1.0
1555,1QLPA,A,A,250,V,6.5,25.0,0.4
1556,1QLPA,A,A,284,I,6.5,25.0,-0.0
1557,1QLPA,A,A,284,V,6.5,25.0,-0.8
1558,1QLPA,V,A,321,I,6.5,25.0,-0.6
1559,1QLPA,V,A,321,L,6.5,25.0,1.2
1560,1QLPA,S,A,330,R,7.8,25.0,2.44
1561,1QLPA,K,A,331,F,7.8,25.0,-1.75
1562,1QLPA,K,A,331,I,7.8,25.0,-0.84
1563,1QLPA,K,A,331,T,7.8,25.0,0.54
1564,1QLPA,K,A,331,V,7.8,25.0,-0.89
1565,1QLPA,V,A,364,I,6.5,25.0,-0.4
1566,1QLPA,V,A,364,L,6.5,25.0,0.3
1567,1QLPA,M,A,374,I,6.5,25.0,-2.3
1568,1QLPA,S,A,381,A,6.5,25.0,-1.0
1569,1QLPA,K,A,387,R,6.5,25.0,-1.0
1570,1QM4A,R,A,265,H,8.0,25.0,3.11
1571,1QNDA,C,A,71,S,6.8,20.0,1.38
1572,1RG8A,C,A,16,S,6.6,25.0,2.81
1573,1RG8A,H,A,21,Y,7.3,34.5,-0.79
1574,1RG8A,L,A,44,F,7.3,34.5,-0.59
1575,1RG8A,G,A,62,A,6.6,24.9,1.48
1576,1RG8A,G,A,62,N,6.6,24.9,0.97
1577,1RG8A,L,A,73,V,6.6,40.0,1.46
1578,1RG8A,C,A,83,S,6.6,29.6,1.78
1579,1RG8A,H,A,93,A,6.6,24.9,0.6
1580,1RG8A,H,A,93,G,6.6,28.6,-1.34
1581,1RG8A,H,A,93,N,6.6,24.9,-0.19
1582,1RG8A,H,A,102,Y,7.3,34.5,-0.39
1583,1RG8A,A,A,103,G,6.6,24.9,0.46
1584,1RG8A,N,A,106,G,6.6,24.9,-0.16
1585,1RG8A,F,A,108,Y,7.3,34.5,-0.49
1586,1RG8A,V,A,109,I,7.3,34.5,0.05
1587,1RG8A,V,A,109,L,6.6,40.0,0.57
1588,1RG8A,C,A,117,S,6.6,29.6,0.64
1589,1RHGA,G,A,26,A,7.0,25.0,-1.93
1590,1RHGA,G,A,28,A,7.0,25.0,-2.35
1591,1RHGA,E,A,33,A,5.9,25.0,-0.31
1592,1RHGA,E,A,46,A,5.9,25.0,0.32
1593,1RHGA,L,A,50,E,5.9,25.0,0.19
1594,1RHGA,G,A,73,A,7.0,25.0,-0.89
1595,1RHGA,G,A,81,A,7.0,25.0,0.76
1596,1RHGA,G,A,87,A,7.0,25.0,0.97
1597,1RHGA,G,A,149,A,7.0,25.0,-1.38
1598,1RHGA,G,A,150,A,7.0,25.0,-1.94
1599,1RISA,V,A,6,A,8.0,25.0,2.93
1600,1RISA,I,A,8,A,8.0,25.0,3.56
1601,1RISA,L,A,21,A,8.0,25.0,0.16
1602,1RISA,E,A,22,Q,8.0,25.0,1.12
1603,1RISA,I,A,26,A,8.0,25.0,2.84
1604,1RISA,Y,A,33,A,8.0,25.0,-0.41
1605,1RISA,A,A,35,G,8.0,25.0,0.77
1606,1RISA,V,A,37,A,8.0,25.0,2.55
1607,1RISA,L,A,48,A,8.0,25.0,0.21
1608,1RISA,I,A,52,A,8.0,25.0,0.36
1609,1RISA,F,A,60,A,8.0,25.0,0.81
1610,1RISA,V,A,65,A,8.0,25.0,2.89
1611,1RISA,L,A,75,A,8.0,25.0,1.35
1612,1RISA,L,A,79,A,8.0,25.0,3.91
1613,1RISA,V,A,85,A,8.0,25.0,3.02
1614,1RISA,V,A,88,A,8.0,25.0,1.68
1615,1RN1C,V,C,16,A,7.0,25.0,2.34
1616,1RN1C,V,C,16,C,7.0,25.0,4.99
1617,1RN1C,V,C,16,S,7.0,25.0,4.68
1618,1RN1C,V,C,16,T,7.0,25.0,3.65
1619,1RN1C,A,C,21,G,7.4,25.0,1.1
1620,1RN1C,G,C,23,A,7.4,25.0,1.2
1621,1RN1C,Y,C,24,W,6.0,25.0,-1.24
1622,1RN1C,Q,C,25,K,7.0,36.8,-0.88
1623,1RN1C,H,C,40,T,6.0,25.0,0.26
1624,1RN1C,Y,C,42,W,6.0,25.0,0.14
1625,1RN1C,N,C,44,A,7.0,37.9,1.88
1626,1RN1C,N,C,44,D,6.3,35.8,1.58
1627,1RN1C,N,C,44,S,7.0,37.9,1.77
1628,1RN1C,Y,C,45,W,6.0,25.0,-0.74
1629,1RN1C,D,C,49,A,6.3,37.3,-0.5
1630,1RN1C,D,C,49,F,7.0,52.7,-0.1
1631,1RN1C,D,C,49,H,6.5,40.7,-1.1
1632,1RN1C,D,C,49,Y,7.0,52.4,-0.0
1633,1RN1C,E,C,58,A,7.0,31.5,0.42
1634,1RN1C,W,C,59,Y,6.0,25.0,0.93
1635,1RN1C,D,C,76,A,7.0,15.0,3.76
1636,1RN1C,D,C,76,N,7.0,17.2,3.39
1637,1RN1C,D,C,76,S,7.0,15.0,3.17
1638,1RN1C,V,C,78,A,7.0,25.0,4.08
1639,1RN1C,V,C,78,C,7.0,25.0,3.67
1640,1RN1C,V,C,78,S,7.0,25.0,4.73
1641,1RN1C,V,C,78,T,7.0,25.0,3.59
1642,1RN1C,V,C,89,C,7.0,25.0,3.54
1643,1RN1C,V,C,89,S,7.0,25.0,4.87
1644,1RN1C,V,C,89,T,7.0,25.0,3.07
1645,1RN1C,H,C,92,A,6.0,25.0,0.62
1646,1ROPA,D,A,30,A,7.0,69.0,-0.3
1647,1ROPA,D,A,30,C,7.0,69.0,-0.8
1648,1ROPA,D,A,30,E,7.0,69.0,-1.0
1649,1ROPA,D,A,30,F,7.0,69.0,0.1
1650,1ROPA,D,A,30,G,7.0,69.0,-2.0
1651,1ROPA,D,A,30,H,7.0,69.0,-0.9
1652,1ROPA,D,A,30,I,7.0,69.0,0.8
1653,1ROPA,D,A,30,K,7.0,69.0,-0.9
1654,1ROPA,D,A,30,L,7.0,69.0,0.1
1655,1ROPA,D,A,30,M,7.0,69.0,-0.6
1656,1ROPA,D,A,30,N,7.0,69.0,-0.8
1657,1ROPA,D,A,30,Q,7.0,69.0,-1.8
1658,1ROPA,D,A,30,R,7.0,69.0,-0.8
1659,1ROPA,D,A,30,S,7.0,69.0,-1.0
1660,1ROPA,D,A,30,T,7.0,69.0,0.4
1661,1ROPA,D,A,30,V,7.0,69.0,0.4
1662,1ROPA,D,A,30,W,7.0,69.0,0.4
1663,1ROPA,D,A,30,Y,7.0,69.0,-0.2
1664,1ROPA,L,A,41,A,6.0,25.0,3.06
1665,1ROPA,L,A,41,V,6.0,25.0,1.26
1666,1RTBA,A,A,4,S,7.1,62.0,0.45
1667,1RTBA,A,A,5,S,7.1,62.0,0.27
1668,1RTBA,F,A,46,L,6.0,24.9,3.21
1669,1RTBA,F,A,46,V,6.0,24.9,4.55
1670,1RTBA,V,A,47,A,5.0,40.0,3.8
1671,1RTBA,V,A,54,A,5.0,40.0,2.58
1672,1RTBA,V,A,54,G,5.0,40.0,4.87
1673,1RTBA,V,A,54,I,5.0,40.0,1.95
1674,1RTBA,V,A,54,L,5.0,40.0,1.09
1675,1RTBA,V,A,57,A,5.0,40.0,2.85
1676,1RTBA,V,A,57,I,5.0,40.0,1.3
1677,1RTBA,V,A,57,L,5.0,40.0,2.37
1678,1RTBA,V,A,63,A,5.0,40.0,2.03
1679,1RTBA,V,A,63,G,5.0,40.0,3.5
1680,1RTBA,A,A,64,G,5.0,40.0,0.44
1681,1RTBA,I,A,81,A,5.0,40.0,2.99
1682,1RTBA,I,A,81,G,5.0,40.0,4.81
1683,1RTBA,I,A,81,V,5.0,40.0,0.43
1684,1RTBA,Y,A,97,F,5.0,63.3,3.54
1685,1RTBA,I,A,106,A,5.0,40.0,4.38
1686,1RTBA,I,A,106,L,5.0,40.0,1.79
1687,1RTBA,I,A,106,V,5.0,40.0,0.8
1688,1RTBA,I,A,107,A,5.0,40.0,2.85
1689,1RTBA,I,A,107,L,5.0,40.0,2.2
1690,1RTBA,I,A,107,V,5.0,40.0,0.08
1691,1RTBA,V,A,108,A,5.0,40.0,4.2
1692,1RTBA,V,A,108,I,5.0,40.0,0.44
1693,1RTBA,V,A,108,L,5.0,40.0,0.7
1694,1RTBA,A,A,109,G,5.0,40.0,0.43
1695,1RTBA,V,A,116,A,5.0,40.0,0.67
1696,1RTBA,V,A,116,G,5.0,40.0,1.18
1697,1RTBA,V,A,118,A,5.0,40.0,1.92
1698,1RTBA,V,A,118,G,5.0,40.0,2.78
1699,1RTBA,H,A,119,A,5.2,25.0,-0.35
1700,1RTBA,D,A,121,A,5.2,25.0,1.95
1701,1RTBA,D,A,121,N,5.2,25.0,1.71
1702,1RTBA,S,A,123,A,7.1,62.0,-0.69
1703,1RTP1,K,1,80,S,7.4,45.8,0.29
1704,1SAKA,E,A,326,A,7.0,25.0,0.4
1705,1SAKA,F,A,328,A,7.0,25.0,2.36
1706,1SAKA,F,A,328,L,7.0,25.0,1.43
1707,1SAKA,T,A,329,A,7.0,25.0,1.02
1708,1SAKA,L,A,330,F,7.0,25.0,1.8
1709,1SAKA,Q,A,331,A,7.0,25.0,0.46
1710,1SAKA,I,A,332,V,7.0,25.0,0.99
1711,1SAKA,R,A,333,A,7.0,25.0,1.05
1712,1SAKA,R,A,335,A,7.0,25.0,0.75
1713,1SAKA,E,A,336,A,7.0,25.0,-0.4
1714,1SAKA,R,A,337,A,7.0,25.0,2.41
1715,1SAKA,F,A,338,A,7.0,25.0,2.03
1716,1SAKA,E,A,339,A,7.0,25.0,0.66
1717,1SAKA,M,A,340,A,7.0,25.0,1.9
1718,1SAKA,M,A,340,I,7.0,25.0,0.38
1719,1SAKA,F,A,341,I,7.0,25.0,2.01
1720,1SAKA,F,A,341,L,7.0,25.0,0.91
1721,1SAKA,R,A,342,A,7.0,25.0,0.38
1722,1SAKA,E,A,343,A,7.0,25.0,0.25
1723,1SAKA,L,A,344,F,7.0,25.0,1.62
1724,1SAKA,L,A,344,I,7.0,25.0,0.41
1725,1SAKA,N,A,345,A,7.0,25.0,0.98
1726,1SAKA,E,A,346,A,7.0,25.0,0.27
1727,1SAKA,A,A,347,G,7.0,25.0,0.97
1728,1SAKA,E,A,349,A,7.0,25.0,1.18
1729,1SAKA,L,A,350,A,7.0,25.0,0.5
1730,1SAKA,K,A,351,A,7.0,25.0,-0.57
1731,1SAKA,D,A,352,A,7.0,25.0,0.62
1732,1SHFA,E,A,107,A,8.0,25.0,1.27
1733,1SHFA,E,A,107,D,8.0,25.0,-0.68
1734,1SHFA,E,A,107,F,8.0,25.0,1.63
1735,1SHFA,E,A,107,G,8.0,25.0,2.29
1736,1SHFA,E,A,107,H,8.0,25.0,0.99
1737,1SHFA,E,A,107,I,8.0,25.0,2.71
1738,1SHFA,E,A,107,K,8.0,25.0,0.97
1739,1SHFA,E,A,107,L,8.0,25.0,3.02
1740,1SHFA,E,A,107,Q,8.0,25.0,0.74
1741,1SHFA,E,A,107,R,8.0,25.0,3.38
1742,1SHFA,E,A,107,S,8.0,25.0,1.64
1743,1SHFA,E,A,107,T,8.0,25.0,0.6
1744,1SHFA,E,A,107,V,8.0,25.0,2.0
1745,1SHFA,E,A,107,Y,8.0,25.0,2.4
1746,1SHFA,I,A,111,A,7.0,25.0,2.84
1747,1SHFA,I,A,111,L,7.0,25.0,0.71
1748,1SHFA,I,A,111,V,7.0,25.0,0.63
1749,1SHFA,S,A,124,A,8.0,25.0,0.71
1750,1SHFA,S,A,124,D,8.0,25.0,2.02
1751,1SHFA,S,A,124,F,8.0,25.0,1.9
1752,1SHFA,S,A,124,G,8.0,25.0,1.68
1753,1SHFA,S,A,124,H,8.0,25.0,1.25
1754,1SHFA,S,A,124,I,8.0,25.0,1.41
1755,1SHFA,S,A,124,K,8.0,25.0,-0.11
1756,1SHFA,S,A,124,L,8.0,25.0,0.37
1757,1SHFA,S,A,124,N,8.0,25.0,0.73
1758,1SHFA,S,A,124,R,8.0,25.0,0.18
1759,1SHFA,S,A,124,T,8.0,25.0,1.65
1760,1SHFA,S,A,124,V,8.0,25.0,1.1
1761,1SHFA,S,A,124,Y,8.0,25.0,2.27
1762,1SHFA,T,A,127,A,8.0,25.0,2.59
1763,1SHFA,G,A,128,A,8.0,25.0,1.78
1764,1SHFA,V,A,138,A,7.0,25.0,2.34
1765,1SHFA,V,A,138,G,7.0,25.0,3.65
1766,1SHFA,V,A,138,M,7.0,25.0,0.52
1767,1SHFA,V,A,138,T,7.0,25.0,2.4
1768,1SHGA,D,A,48,G,2.9,24.9,-0.82
1769,1SHGA,F,A,52,Y,7.0,24.9,-0.44
1770,1SHGA,K,A,59,F,7.0,24.9,0.92
1771,1SHGA,K,A,59,Y,7.0,24.9,0.84
1772,1SSOA,I,A,29,V,7.0,50.0,0.4
1773,1SUPA,M,A,50,F,8.0,58.8,-0.48
1774,1SUPA,N,A,76,D,8.0,58.8,-0.45
1775,1SUPA,G,A,169,A,8.0,58.8,-0.3
1776,1SUPA,Q,A,206,C,8.0,58.8,-1.25
1777,1SUPA,Y,A,217,K,8.0,58.8,-0.72
1778,1SUPA,N,A,218,S,8.0,58.8,-1.07
1779,1TENA,I,A,809,A,5.0,25.0,2.74
1780,1TENA,I,A,809,V,5.0,25.0,-0.02
1781,1TENA,V,A,811,A,5.0,25.0,1.4
1782,1TENA,A,A,819,G,5.0,25.0,2.67
1783,1TENA,I,A,821,A,5.0,25.0,3.58
1784,1TENA,I,A,821,V,5.0,25.0,0.28
1785,1TENA,I,A,830,A,5.0,25.0,1.63
1786,1TENA,I,A,830,V,5.0,25.0,0.37
1787,1TENA,I,A,833,A,5.0,25.0,3.3
1788,1TENA,I,A,833,V,5.0,25.0,0.8
1789,1TENA,L,A,835,A,5.0,25.0,4.13
1790,1TENA,Y,A,837,A,5.0,25.0,3.96
1791,1TENA,I,A,849,A,5.0,25.0,2.4
1792,1TENA,L,A,851,A,5.0,25.0,2.88
1793,1TENA,Y,A,858,A,5.0,25.0,1.21
1794,1TENA,Y,A,858,G,5.0,25.0,4.06
1795,1TENA,I,A,860,A,5.0,25.0,1.91
1796,1TENA,I,A,860,V,5.0,25.0,0.88
1797,1TENA,L,A,863,A,5.0,25.0,3.96
1798,1TENA,T,A,867,S,5.0,25.0,1.26
1799,1TENA,Y,A,869,F,5.0,25.0,3.09
1800,1TENA,V,A,871,A,5.0,25.0,2.69
1801,1TENA,L,A,873,A,5.0,25.0,2.81
1802,1TENA,S,A,875,A,5.0,25.0,0.27
1803,1TENA,S,A,882,A,5.0,25.0,2.58
1804,1TENA,A,A,885,G,5.0,25.0,0.92
1805,1TENA,E,A,887,A,5.0,25.0,-1.55
1806,1TENA,E,A,887,G,5.0,25.0,0.14
1807,1TITA,V,A,13,A,7.4,25.0,2.15
1808,1TITA,I,A,23,A,7.4,25.0,2.7
1809,1TITA,L,A,41,A,7.4,25.0,2.7
1810,1TITA,L,A,58,A,7.4,25.0,3.23
1811,1TITA,L,A,60,A,7.4,25.0,4.88
1812,1TITA,C,A,63,S,7.3,25.0,2.08
1813,1TITA,F,A,73,L,7.4,25.0,3.83
1814,1TITA,V,A,86,A,7.4,25.0,4.45
1815,1TPKA,V,A,65,A,4.5,64.3,2.0
1816,1TPKA,V,A,65,I,4.5,64.3,-0.3
1817,1TPKA,V,A,65,L,4.5,64.3,1.9
1818,1TPKA,V,A,65,M,4.5,64.3,2.2
1819,1TPKA,V,A,65,S,4.5,64.3,2.4
1820,1TPKA,V,A,65,T,4.5,64.3,1.0
1821,1TTQA,A,A,18,G,7.8,25.0,2.7
1822,1TTQA,A,A,18,V,7.8,25.0,2.3
1823,1TTQA,F,A,22,I,7.8,25.0,4.58
1824,1TTQA,F,A,22,L,7.8,25.0,1.05
1825,1TTQA,F,A,22,V,7.8,25.0,3.44
1826,1TTQA,Y,A,175,Q,7.8,25.0,1.65
1827,1TTQA,L,A,209,V,7.8,25.0,3.2
1828,1TTQA,I,A,232,V,7.8,25.0,3.3
1829,1TYVA,G,A,177,R,7.4,88.4,0.7
1830,1TYVA,T,A,235,I,7.4,88.4,0.53
1831,1TYVA,G,A,244,R,7.4,88.4,1.33
1832,1TYVA,R,A,285,K,7.4,88.4,3.43
1833,1TYVA,E,A,309,V,7.4,88.4,0.77
1834,1TYVA,G,A,323,D,7.4,88.4,0.13
1835,1UBQA,K,A,6,E,5.0,25.0,-0.53
1836,1UBQA,K,A,6,Q,5.0,25.0,-0.26
1837,1UBQA,E,A,18,D,3.0,25.0,0.08
1838,1UBQA,K,A,27,Q,5.0,25.0,1.91
1839,1UBQA,K,A,29,N,5.0,25.0,1.48
1840,1UBQA,K,A,29,Q,5.0,25.0,1.67
1841,1UBQA,R,A,42,E,5.0,25.0,-1.63
1842,1UBQA,F,A,45,W,5.0,25.0,-0.46
1843,1UBQA,H,A,68,E,5.0,25.0,-0.77
1844,1UBQA,H,A,68,Q,5.0,25.0,-0.55
1845,1UBQA,R,A,72,Q,5.0,25.0,0.33
1846,1UZCA,W,A,11,F,5.7,9.9,0.31
1847,1UZCA,T,A,13,A,5.7,9.9,0.99
1848,1UZCA,T,A,13,S,5.7,9.9,-0.1
1849,1UZCA,E,A,15,A,5.7,9.9,0.4
1850,1UZCA,E,A,15,G,5.7,9.9,1.02
1851,1UZCA,A,A,17,G,5.7,9.9,0.7
1852,1UZCA,Q,A,19,A,5.7,9.9,0.08
1853,1UZCA,Q,A,19,G,5.7,9.9,1.23
1854,1UZCA,A,A,20,G,5.7,9.9,2.3
1855,1UZCA,L,A,24,A,5.7,9.9,1.04
1856,1UZCA,K,A,26,A,5.7,9.9,-0.11
1857,1UZCA,K,A,26,G,5.7,9.9,0.74
1858,1UZCA,E,A,27,A,5.7,9.9,0.62
1859,1UZCA,E,A,27,G,5.7,9.9,1.57
1860,1UZCA,V,A,30,A,5.7,9.9,3.28
1861,1UZCA,S,A,32,A,5.7,9.9,-0.0
1862,1UZCA,N,A,33,G,5.7,9.9,0.42
1863,1UZCA,S,A,35,A,5.7,9.9,1.04
1864,1UZCA,W,A,36,F,5.7,9.9,-0.3
1865,1UZCA,Q,A,38,A,5.7,9.9,0.37
1866,1UZCA,Q,A,38,G,5.7,9.9,1.57
1867,1UZCA,A,A,39,G,5.7,9.9,1.93
1868,1UZCA,M,A,42,A,5.7,9.9,1.37
1869,1UZCA,I,A,43,V,5.7,9.9,1.21
1870,1UZCA,I,A,44,A,5.7,9.9,0.09
1871,1UZCA,I,A,44,G,5.7,9.9,0.4
1872,1UZCA,I,A,44,V,5.7,9.9,0.3
1873,1UZCA,D,A,46,N,5.7,9.9,2.51
1874,1UZCA,Y,A,49,A,5.7,9.9,2.46
1875,1UZCA,Y,A,49,F,5.7,9.9,0.31
1876,1UZCA,S,A,50,A,5.7,9.9,0.02
1877,1UZCA,S,A,50,G,5.7,9.9,0.02
1878,1UZCA,A,A,51,G,5.7,9.9,1.12
1879,1UZCA,L,A,52,A,5.7,9.9,2.71
1880,1UZCA,A,A,53,G,5.7,9.9,0.3
1881,1UZCA,S,A,56,A,5.7,9.9,0.4
1882,1UZCA,S,A,56,G,5.7,9.9,0.54
1883,1UZCA,K,A,58,A,5.7,9.9,2.1
1884,1UZCA,Q,A,60,A,5.7,9.9,-0.31
1885,1UZCA,Q,A,60,G,5.7,9.9,0.8
1886,1UZCA,A,A,61,G,5.7,9.9,2.07
1887,1UZCA,A,A,64,G,5.7,9.9,0.94
1888,1UZCA,Y,A,65,F,5.7,9.9,0.72
1889,1UZCA,V,A,67,A,5.7,9.9,-0.51
1890,1UZCA,V,A,67,G,5.7,9.9,-0.0
1891,1VQBA,I,A,6,V,7.0,25.0,0.35
1892,1VQBA,F,A,13,T,7.0,25.0,0.35
1893,1VQBA,V,A,19,C,7.0,25.0,0.15
1894,1VQBA,V,A,19,T,7.0,25.0,0.3
1895,1VQBA,K,A,24,V,7.0,25.0,-0.4
1896,1VQBA,Y,A,26,R,7.0,25.0,0.2
1897,1VQBA,L,A,28,V,7.0,25.0,-0.55
1898,1VQBA,E,A,30,F,7.0,25.0,-1.02
1899,1VQBA,E,A,30,M,7.0,25.0,-0.32
1900,1VQBA,E,A,30,N,7.0,25.0,0.55
1901,1VQBA,L,A,32,H,7.0,25.0,0.45
1902,1VQBA,L,A,32,R,7.0,25.0,0.8
1903,1VQBA,L,A,32,W,7.0,25.0,-1.4
1904,1VQBA,L,A,32,Y,7.0,25.0,-0.5
1905,1VQBA,C,A,33,A,7.0,25.0,0.25
1906,1VQBA,C,A,33,I,7.0,25.0,0.45
1907,1VQBA,C,A,33,L,7.0,25.0,1.3
1908,1VQBA,C,A,33,M,7.0,25.0,1.75
1909,1VQBA,C,A,33,S,7.0,25.0,2.12
1910,1VQBA,C,A,33,T,7.0,25.0,2.3
1911,1VQBA,C,A,33,V,7.0,25.0,0.1
1912,1VQBA,V,A,35,A,7.0,25.0,1.02
1913,1VQBA,V,A,35,C,7.0,25.0,0.55
1914,1VQBA,V,A,35,F,7.0,25.0,1.5
1915,1VQBA,V,A,35,I,7.0,25.0,0.32
1916,1VQBA,V,A,35,L,7.0,25.0,1.07
1917,1VQBA,V,A,35,M,7.0,25.0,0.53
1918,1VQBA,V,A,35,T,7.0,25.0,2.65
1919,1VQBA,D,A,36,C,7.0,25.0,1.02
1920,1VQBA,D,A,36,N,7.0,25.0,0.5
1921,1VQBA,L,A,37,A,7.0,25.0,3.85
1922,1VQBA,L,A,37,C,7.0,25.0,2.3
1923,1VQBA,L,A,37,I,7.0,25.0,0.7
1924,1VQBA,L,A,37,T,7.0,25.0,2.6
1925,1VQBA,L,A,37,V,7.0,25.0,1.75
1926,1VQBA,E,A,40,C,7.0,25.0,0.8
1927,1VQBA,E,A,40,T,7.0,25.0,0.2
1928,1VQBA,Y,A,41,A,7.0,25.0,0.2
1929,1VQBA,Y,A,41,F,7.0,25.0,0.3
1930,1VQBA,V,A,43,C,7.0,25.0,1.05
1931,1VQBA,V,A,43,T,7.0,25.0,0.8
1932,1VQBA,V,A,45,A,7.0,25.0,1.05
1933,1VQBA,V,A,45,C,7.0,25.0,0.05
1934,1VQBA,V,A,45,L,7.0,25.0,1.5
1935,1VQBA,V,A,45,T,7.0,25.0,1.75
1936,1VQBA,I,A,47,A,7.0,25.0,3.32
1937,1VQBA,I,A,47,C,7.0,25.0,2.33
1938,1VQBA,I,A,47,F,7.0,25.0,0.85
1939,1VQBA,I,A,47,L,7.0,25.0,0.28
1940,1VQBA,I,A,47,M,7.0,25.0,1.0
1941,1VQBA,I,A,47,T,7.0,25.0,3.7
1942,1VQBA,I,A,47,V,7.0,25.0,1.18
1943,1VQBA,T,A,48,C,7.0,25.0,0.4
1944,1VQBA,T,A,48,V,7.0,25.0,-0.0
1945,1VQBA,L,A,49,A,7.0,25.0,3.05
1946,1VQBA,L,A,49,C,7.0,25.0,2.05
1947,1VQBA,L,A,49,I,7.0,25.0,0.95
1948,1VQBA,L,A,49,T,7.0,25.0,2.85
1949,1VQBA,L,A,49,V,7.0,25.0,1.45
1950,1VQBA,D,A,50,H,7.0,25.0,0.77
1951,1VQBA,T,A,62,C,7.0,25.0,0.35
1952,1VQBA,T,A,62,V,7.0,25.0,-0.65
1953,1VQBA,V,A,63,C,7.0,25.0,2.05
1954,1VQBA,V,A,63,T,7.0,25.0,2.5
1955,1VQBA,H,A,64,C,7.0,25.0,-0.25
1956,1VQBA,S,A,67,C,7.0,25.0,1.85
1957,1VQBA,S,A,67,T,7.0,25.0,0.8
1958,1VQBA,F,A,68,L,7.0,25.0,2.12
1959,1VQBA,F,A,68,V,7.0,25.0,2.5
1960,1VQBA,K,A,69,H,7.0,25.0,0.62
1961,1VQBA,K,A,69,M,7.0,25.0,-0.08
1962,1VQBA,V,A,70,C,7.0,25.0,1.6
1963,1VQBA,V,A,70,T,7.0,25.0,1.75
1964,1VQBA,F,A,73,W,7.0,25.0,-0.4
1965,1VQBA,M,A,77,A,7.0,25.0,1.05
1966,1VQBA,M,A,77,C,7.0,25.0,-0.0
1967,1VQBA,M,A,77,F,7.0,25.0,0.1
1968,1VQBA,M,A,77,I,7.0,25.0,-0.8
1969,1VQBA,M,A,77,L,7.0,25.0,0.6
1970,1VQBA,M,A,77,T,7.0,25.0,0.4
1971,1VQBA,M,A,77,V,7.0,25.0,-0.6
1972,1VQBA,I,A,78,C,7.0,25.0,2.2
1973,1VQBA,I,A,78,T,7.0,25.0,3.3
1974,1VQBA,I,A,78,V,7.0,25.0,0.65
1975,1VQBA,L,A,81,C,7.0,25.0,1.85
1976,1VQBA,L,A,81,T,7.0,25.0,2.55
1977,1VQBA,L,A,81,V,7.0,25.0,0.1
1978,1VQBA,R,A,82,C,7.0,25.0,0.75
1979,1VQBA,A,A,86,T,7.0,25.0,0.35
1980,1VQBA,A,A,86,V,7.0,25.0,-0.25
1981,1WITA,Y,A,73,F,7.0,20.0,2.15
1982,1WQ5A,F,A,22,L,7.8,25.0,-1.4
1983,1WQ5A,I,A,37,A,7.8,25.0,4.42
1984,1WQ5A,E,A,49,A,7.8,25.0,-0.41
1985,1WQ5A,E,A,49,C,7.8,25.0,-1.33
1986,1WQ5A,E,A,49,D,7.8,25.0,-0.07
1987,1WQ5A,E,A,49,F,7.8,25.0,-1.15
1988,1WQ5A,E,A,49,G,7.8,25.0,0.03
1989,1WQ5A,E,A,49,H,7.8,25.0,-1.51
1990,1WQ5A,E,A,49,I,7.8,25.0,-3.79
1991,1WQ5A,E,A,49,K,7.8,25.0,-0.42
1992,1WQ5A,E,A,49,L,7.8,25.0,-3.67
1993,1WQ5A,E,A,49,M,7.4,25.1,-3.13
1994,1WQ5A,E,A,49,N,7.8,25.0,0.05
1995,1WQ5A,E,A,49,Q,7.3,25.1,0.58
1996,1WQ5A,E,A,49,S,7.4,25.0,0.01
1997,1WQ5A,E,A,49,T,7.8,25.0,-0.16
1998,1WQ5A,E,A,49,V,7.4,25.0,-2.43
1999,1WQ5A,E,A,49,W,7.8,25.0,0.02
2000,1WQ5A,E,A,49,Y,7.4,25.0,-0.41
2001,1WQ5A,L,A,50,A,7.8,25.0,2.99
2002,1WQ5A,C,A,81,A,9.0,50.0,0.69
2003,1WQ5A,C,A,81,G,9.0,50.0,1.58
2004,1WQ5A,C,A,81,S,9.0,50.0,1.41
2005,1WQ5A,C,A,81,V,9.0,50.0,1.32
2006,1WQ5A,L,A,99,A,7.8,25.0,4.07
2007,1WQ5A,C,A,118,A,9.0,50.0,1.36
2008,1WQ5A,C,A,118,S,9.0,50.0,2.27
2009,1WQ5A,C,A,118,V,9.0,50.0,1.34
2010,1WQ5A,L,A,127,A,7.8,25.0,1.28
2011,1WQ5A,F,A,139,W,7.8,23.0,0.64
2012,1WQ5A,C,A,154,A,9.0,50.0,1.03
2013,1WQ5A,C,A,154,S,9.0,50.0,1.72
2014,1WQ5A,C,A,154,V,9.0,50.0,1.12
2015,1WQ5A,Y,A,175,C,7.8,25.0,0.6
2016,1WQ5A,L,A,176,A,7.8,25.0,4.01
2017,1WQ5A,G,A,211,D,7.8,25.0,0.8
2018,1WQ5A,G,A,211,E,7.8,33.2,-1.1
2019,1WQ5A,G,A,211,R,7.8,50.4,0.12
2020,1WQ5A,G,A,211,S,7.8,25.0,0.15
2021,1WQ5A,G,A,211,V,7.8,25.0,-1.05
2022,1WQ5A,G,A,211,W,7.8,25.0,1.95
2023,1WQ5A,G,A,234,D,7.8,25.0,-3.4
2024,1WQ5A,G,A,234,K,7.8,25.0,-0.2
2025,1WQ5A,F,A,258,W,7.8,23.0,1.17
2026,1YU5X,H,X,41,Y,5.6,25.0,-1.11
2027,1YYJA,L,A,3,A,5.0,25.0,1.6
2028,1YYJA,W,A,7,M,5.0,25.0,0.85
2029,1YYJA,L,A,10,A,5.0,25.0,1.86
2030,1YYJA,L,A,14,A,5.0,25.0,1.92
2031,1YYJA,K,A,15,A,5.0,25.0,0.2
2032,1YYJA,I,A,17,A,5.0,25.0,1.3
2033,1YYJA,E,A,18,A,5.0,25.0,-1.3
2034,1YYJA,A,A,20,G,5.0,25.0,1.97
2035,1YYJA,A,A,23,G,5.0,25.0,2.38
2036,1YYJA,K,A,27,A,5.0,25.0,0.17
2037,1YYJA,K,A,27,G,5.0,25.0,1.0
2038,1YYJA,L,A,30,A,5.0,25.0,2.83
2039,1YYJA,M,A,33,A,5.0,25.0,2.97
2040,1YYJA,R,A,34,A,5.0,25.0,2.25
2041,1YYJA,R,A,34,G,5.0,25.0,3.26
2042,1YYJA,A,A,36,G,5.0,25.0,2.61
2043,1YYJA,A,A,37,G,5.0,25.0,4.15
2044,1YYJA,L,A,38,G,5.0,25.0,1.44
2045,1YYJA,A,A,40,G,5.0,25.0,1.41
2046,1YYJA,L,A,48,A,5.0,25.0,3.73
2047,1YYJA,K,A,51,G,5.0,25.0,1.32
2048,1YYJA,M,A,58,A,5.0,25.0,2.91
2049,1YYJA,F,A,61,A,5.0,25.0,4.52
2050,1YYJA,F,A,65,A,5.0,25.0,1.92
2051,1YYJA,L,A,68,A,5.0,25.0,3.88
2052,1YYJA,V,A,69,G,5.0,25.0,3.61
2053,1YYJA,I,A,72,A,5.0,25.0,4.79
2054,1YYJA,D,A,73,A,5.0,25.0,1.57
2055,1YYJA,L,A,76,A,5.0,25.0,3.48
2056,1YYJA,V,A,84,A,5.0,25.0,3.42
2057,1YYJA,A,A,87,G,5.0,25.0,3.2
2058,1YYJA,A,A,90,G,5.0,25.0,2.34
2059,1YYJA,A,A,91,G,5.0,25.0,1.6
2060,1YYJA,L,A,94,A,5.0,25.0,1.5
2061,1YYJA,I,A,98,A,5.0,25.0,3.48
2062,1YYJA,Y,A,101,A,5.0,25.0,-0.52
2063,1YYJA,Y,A,105,A,5.0,25.0,2.36
2064,1ZG4A,C,A,77,S,7.0,25.0,3.36
2065,1ZG4A,W,A,290,F,7.0,25.0,0.83
2066,1ZNJB,S,B,9,D,8.0,25.0,-0.06
2067,1ZNJB,H,B,10,D,7.2,24.0,-0.76
2068,1ZNJB,H,B,10,E,8.0,25.0,-1.11
2069,1ZNJB,H,B,10,T,8.0,25.0,-0.03
2070,1ZNJB,F,B,25,D,8.0,25.0,-0.48
2071,1ZNJB,F,B,25,H,8.0,25.0,-0.75
2072,1ZNJB,Y,B,26,T,8.0,25.0,0.22
2073,1ZNJB,K,B,29,G,7.5,23.0,0.05
2074,2A01A,L,A,141,R,7.4,25.0,0.65
2075,2A36A,T,A,22,A,6.0,25.0,-0.4
2076,2A36A,T,A,22,D,6.0,25.0,-1.5
2077,2A36A,T,A,22,F,6.0,25.0,-1.3
2078,2A36A,T,A,22,G,6.0,20.1,-3.59
2079,2A36A,T,A,22,K,6.0,25.0,-0.0
2080,2A36A,T,A,22,L,6.0,25.0,-0.5
2081,2A36A,T,A,22,N,6.0,25.0,-1.3
2082,2A36A,T,A,22,S,6.0,25.0,-0.6
2083,2ABDA,F,A,5,A,5.3,5.0,2.61
2084,2ABDA,A,A,9,G,5.3,5.0,1.88
2085,2ABDA,V,A,12,A,5.3,5.0,1.54
2086,2ABDA,L,A,15,A,5.3,5.0,3.28
2087,2ABDA,D,A,21,A,5.3,5.0,-0.03
2088,2ABDA,D,A,21,H,5.3,5.0,0.56
2089,2ABDA,L,A,25,A,5.3,5.0,1.6
2090,2ABDA,F,A,26,A,5.3,5.0,1.79
2091,2ABDA,Y,A,28,A,5.3,5.0,2.74
2092,2ABDA,Y,A,28,F,5.3,5.0,1.23
2093,2ABDA,Y,A,28,N,5.3,5.0,2.48
2094,2ABDA,Y,A,31,N,5.3,5.0,1.86
2095,2ABDA,K,A,32,A,5.3,5.0,1.34
2096,2ABDA,K,A,32,E,5.3,5.0,1.48
2097,2ABDA,K,A,32,R,5.3,5.0,1.83
2098,2ABDA,Q,A,33,A,5.3,5.0,3.64
2099,2ABDA,A,A,34,G,5.3,5.0,1.33
2100,2ABDA,T,A,35,A,5.3,5.0,1.47
2101,2ABDA,I,A,39,A,5.3,5.0,1.05
2102,2ABDA,K,A,52,M,5.3,5.0,-0.24
2103,2ABDA,K,A,54,A,5.3,5.0,0.97
2104,2ABDA,K,A,54,M,5.3,5.0,-0.1
2105,2ABDA,E,A,67,A,5.3,5.0,0.6
2106,2ABDA,A,A,69,G,5.3,5.0,2.28
2107,2ABDA,Y,A,73,A,5.3,5.0,4.77
2108,2ABDA,Y,A,73,F,5.3,5.0,-0.29
2109,2ABDA,I,A,74,A,5.3,5.0,1.7
2110,2ABDA,V,A,77,A,5.3,5.0,1.57
2111,2ABDA,L,A,80,A,5.3,5.0,4.15
2112,2CI2I,K,I,21,A,6.2,25.0,0.79
2113,2CI2I,K,I,21,M,6.2,25.0,0.7
2114,2CI2I,T,I,22,A,6.3,35.7,0.93
2115,2CI2I,T,I,22,G,6.3,25.0,1.07
2116,2CI2I,T,I,22,V,6.3,25.0,0.76
2117,2CI2I,E,I,26,A,6.2,25.0,0.75
2118,2CI2I,E,I,26,Q,6.2,25.0,0.6
2119,2CI2I,L,I,27,A,5.7,33.7,2.44
2120,2CI2I,K,I,30,A,6.2,25.0,0.39
2121,2CI2I,S,I,31,A,5.8,31.2,0.96
2122,2CI2I,S,I,31,G,5.7,25.0,0.49
2123,2CI2I,E,I,33,D,6.2,25.0,0.65
2124,2CI2I,E,I,33,N,6.3,32.2,0.55
2125,2CI2I,E,I,33,Q,6.2,25.0,0.39
2126,2CI2I,E,I,34,D,6.2,25.0,0.19
2127,2CI2I,E,I,34,N,6.2,25.0,0.58
2128,2CI2I,E,I,34,Q,6.2,25.0,0.58
2129,2CI2I,A,I,35,G,6.2,25.0,1.25
2130,2CI2I,K,I,36,A,6.3,35.8,0.7
2131,2CI2I,K,I,36,G,6.2,25.0,2.16
2132,2CI2I,K,I,37,A,6.3,35.8,0.18
2133,2CI2I,K,I,37,G,6.3,35.8,1.18
2134,2CI2I,V,I,38,A,5.8,31.2,0.31
2135,2CI2I,I,I,39,L,7.0,30.0,1.96
2136,2CI2I,I,I,39,V,5.8,30.3,1.16
2137,2CI2I,L,I,40,A,6.2,25.0,1.27
2138,2CI2I,L,I,40,G,6.2,25.0,1.73
2139,2CI2I,Q,I,41,A,6.2,25.0,0.28
2140,2CI2I,Q,I,41,G,6.2,25.0,0.76
2141,2CI2I,D,I,42,A,6.2,25.0,1.0
2142,2CI2I,K,I,43,A,5.9,39.8,0.82
2143,2CI2I,K,I,43,G,6.2,25.0,3.34
2144,2CI2I,E,I,45,A,5.8,37.2,0.64
2145,2CI2I,I,I,48,A,5.3,25.0,3.68
2146,2CI2I,I,I,48,V,5.7,33.4,0.97
2147,2CI2I,I,I,49,A,6.3,35.7,1.05
2148,2CI2I,I,I,49,G,6.3,25.0,3.23
2149,2CI2I,I,I,49,T,6.3,25.0,1.21
2150,2CI2I,I,I,49,V,6.3,35.7,0.1
2151,2CI2I,L,I,51,A,6.3,35.8,2.16
2152,2CI2I,L,I,51,I,6.2,25.0,0.63
2153,2CI2I,L,I,51,V,6.3,35.8,0.67
2154,2CI2I,V,I,53,A,6.3,35.7,0.88
2155,2CI2I,V,I,53,G,6.3,25.0,2.26
2156,2CI2I,V,I,53,T,6.3,35.7,1.31
2157,2CI2I,T,I,55,A,6.2,25.0,0.59
2158,2CI2I,T,I,55,S,6.2,25.0,0.5
2159,2CI2I,T,I,55,V,6.2,25.0,1.16
2160,2CI2I,I,I,56,A,6.2,25.0,0.65
2161,2CI2I,V,I,57,A,6.2,25.0,1.07
2162,2CI2I,T,I,58,A,6.3,25.0,0.69
2163,2CI2I,T,I,58,D,6.3,25.0,-0.0
2164,2CI2I,E,I,60,A,6.3,25.0,0.89
2165,2CI2I,R,I,62,A,6.2,25.0,0.8
2166,2CI2I,D,I,64,A,6.2,25.0,0.91
2167,2CI2I,V,I,66,A,5.3,25.0,4.92
2168,2CI2I,R,I,67,A,7.0,30.1,1.21
2169,2CI2I,L,I,68,A,5.3,25.0,3.7
2170,2CI2I,F,I,69,A,6.2,25.0,3.53
2171,2CI2I,F,I,69,L,6.3,35.8,2.05
2172,2CI2I,F,I,69,V,6.2,25.0,1.9
2173,2CI2I,V,I,70,A,5.7,33.7,1.74
2174,2CI2I,D,I,71,A,6.2,25.0,3.28
2175,2CI2I,K,I,72,N,6.2,25.0,0.61
2176,2CI2I,N,I,75,A,6.2,25.0,1.02
2177,2CI2I,N,I,75,D,6.2,25.0,1.36
2178,2CI2I,I,I,76,A,4.8,25.0,4.21
2179,2CI2I,I,I,76,V,5.7,33.7,-0.1
2180,2CI2I,A,I,77,G,6.3,25.0,1.42
2181,2CI2I,V,I,79,A,6.3,25.0,1.46
2182,2CI2I,V,I,79,G,6.3,25.0,2.38
2183,2CI2I,V,I,79,T,6.3,25.0,0.89
2184,2CI2I,V,I,82,A,6.3,25.0,1.36
2185,2CI2I,V,I,82,G,6.3,25.0,3.24
2186,2CI2I,V,I,82,T,6.3,25.0,1.33
2187,2DRIA,A,A,27,T,7.7,25.0,3.3
2188,2DRIA,V,A,50,E,7.7,25.0,3.5
2189,2H61A,L,A,3,A,7.2,25.0,0.64
2190,2H61A,L,A,3,S,7.2,25.0,1.25
2191,2H61A,M,A,7,A,7.2,25.0,2.0
2192,2H61A,I,A,11,A,7.2,25.0,1.65
2193,2H61A,F,A,14,A,7.2,25.0,2.85
2194,2HPRA,S,A,46,D,7.0,54.2,-0.72
2195,2IMMA,A,A,15,L,7.4,20.0,-1.36
2196,2IMMA,M,A,21,I,7.4,20.0,-0.24
2197,2IMMA,M,A,21,L,7.4,20.0,0.31
2198,2IMMA,K,A,24,R,7.4,20.0,0.17
2199,2IMMA,F,A,32,Y,7.4,20.0,-0.38
2200,2IMMA,T,A,63,S,7.4,20.0,-0.29
2201,2IMMA,Q,A,79,E,7.4,20.0,0.41
2202,2IMMA,N,A,90,Q,7.4,20.0,-1.05
2203,2IMMA,A,A,100,G,7.4,20.0,-0.02
2204,2IMMA,L,A,106,I,7.4,20.0,-0.36
2205,2LZMA,I,A,3,A,5.4,59.3,0.79
2206,2LZMA,I,A,3,C,5.4,59.3,-0.07
2207,2LZMA,I,A,3,D,5.4,59.3,2.87
2208,2LZMA,I,A,3,E,4.0,53.0,1.72
2209,2LZMA,I,A,3,F,4.0,53.0,1.02
2210,2LZMA,I,A,3,G,5.4,59.3,2.03
2211,2LZMA,I,A,3,L,4.2,56.2,-0.77
2212,2LZMA,I,A,3,M,5.4,59.3,0.76
2213,2LZMA,I,A,3,S,5.4,59.3,1.75
2214,2LZMA,I,A,3,T,4.0,53.0,2.15
2215,2LZMA,I,A,3,V,5.4,59.3,0.45
2216,2LZMA,I,A,3,W,6.5,64.7,2.8
2217,2LZMA,I,A,3,Y,5.4,59.3,2.39
2218,2LZMA,M,A,6,I,6.5,43.5,3.1
2219,2LZMA,E,A,11,A,5.4,66.5,-1.1
2220,2LZMA,E,A,11,F,5.4,66.5,-1.7
2221,2LZMA,E,A,11,M,5.4,66.5,-1.6
2222,2LZMA,K,A,16,E,4.4,61.2,-0.15
2223,2LZMA,Y,A,25,G,7.0,22.0,4.55
2224,2LZMA,G,A,30,A,5.4,66.5,-0.1
2225,2LZMA,G,A,30,F,5.4,66.5,1.5
2226,2LZMA,S,A,38,A,3.0,53.4,0.77
2227,2LZMA,S,A,38,D,5.7,50.1,0.01
2228,2LZMA,A,A,41,V,3.9,57.0,-0.37
2229,2LZMA,S,A,44,A,2.5,47.8,-0.44
2230,2LZMA,G,A,51,D,7.0,22.0,2.63
2231,2LZMA,C,A,54,T,6.2,67.6,-0.87
2232,2LZMA,C,A,54,V,6.5,70.0,0.7
2233,2LZMA,N,A,55,G,5.4,59.3,0.58
2234,2LZMA,I,A,58,Y,7.0,22.0,3.11
2235,2LZMA,K,A,60,H,5.4,54.9,0.26
2236,2LZMA,N,A,68,A,2.5,47.8,-0.05
2237,2LZMA,G,A,77,A,5.9,48.4,0.2
2238,2LZMA,K,A,83,H,5.4,54.9,0.42
2239,2LZMA,S,A,90,H,5.5,59.0,1.09
2240,2LZMA,R,A,96,H,5.6,63.6,2.91
2241,2LZMA,A,A,98,T,7.0,22.0,3.83
2242,2LZMA,A,A,98,V,5.7,27.8,4.98
2243,2LZMA,M,A,102,V,3.0,47.0,3.0
2244,2LZMA,V,A,103,A,7.0,22.0,1.91
2245,2LZMA,Q,A,105,A,4.8,59.8,0.68
2246,2LZMA,Q,A,105,E,4.8,59.8,0.94
2247,2LZMA,Q,A,105,G,5.9,41.7,2.3
2248,2LZMA,G,A,113,A,4.0,53.3,-0.39
2249,2LZMA,T,A,115,E,5.0,60.8,-0.03
2250,2LZMA,N,A,116,D,4.6,60.9,-0.47
2251,2LZMA,S,A,117,F,5.4,66.5,-1.1
2252,2LZMA,S,A,117,I,5.4,66.5,-1.7
2253,2LZMA,S,A,117,V,5.4,66.5,-2.0
2254,2LZMA,R,A,119,E,4.8,46.9,0.06
2255,2LZMA,R,A,119,M,4.8,59.8,-0.0
2256,2LZMA,Q,A,123,E,5.5,61.9,-0.27
2257,2LZMA,K,A,124,G,5.4,59.3,0.08
2258,2LZMA,E,A,128,A,2.0,40.8,-0.16
2259,2LZMA,E,A,128,K,3.0,47.0,1.16
2260,2LZMA,A,A,129,V,2.5,47.7,0.74
2261,2LZMA,V,A,131,A,3.4,53.2,-0.3
2262,2LZMA,V,A,131,D,3.0,53.1,-0.08
2263,2LZMA,V,A,131,E,3.0,53.1,-0.2
2264,2LZMA,V,A,131,G,3.0,53.1,0.68
2265,2LZMA,V,A,131,I,3.0,53.1,-0.16
2266,2LZMA,V,A,131,L,3.0,53.1,-0.09
2267,2LZMA,V,A,131,M,3.0,53.1,-0.12
2268,2LZMA,V,A,131,S,3.0,53.1,0.05
2269,2LZMA,V,A,131,T,2.7,49.7,0.09
2270,2LZMA,N,A,132,F,5.4,66.5,-1.3
2271,2LZMA,N,A,132,I,5.4,66.5,-1.2
2272,2LZMA,N,A,132,M,5.4,66.5,-1.5
2273,2LZMA,L,A,133,A,2.0,40.8,4.19
2274,2LZMA,L,A,133,F,2.5,47.7,0.26
2275,2LZMA,K,A,135,E,4.8,46.9,0.83
2276,2LZMA,W,A,138,Y,6.0,26.4,2.62
2277,2LZMA,N,A,144,D,5.2,61.2,-0.39
2278,2LZMA,N,A,144,E,5.5,61.9,-0.46
2279,2LZMA,A,A,146,I,7.0,22.0,4.31
2280,2LZMA,A,A,146,T,6.1,44.5,2.25
2281,2LZMA,A,A,146,V,7.0,22.0,4.31
2282,2LZMA,K,A,147,E,4.8,46.9,0.53
2283,2LZMA,V,A,149,A,7.0,22.0,2.87
2284,2LZMA,V,A,149,C,3.0,40.0,2.2
2285,2LZMA,T,A,152,S,3.0,40.0,2.6
2286,2LZMA,F,A,153,C,7.0,22.0,3.11
2287,2LZMA,R,A,154,E,4.4,61.2,0.65
2288,2LZMA,G,A,156,D,6.2,41.6,3.03
2289,2LZMA,T,A,157,A,2.5,46.3,0.9
2290,2LZMA,T,A,157,C,2.0,42.0,1.3
2291,2LZMA,T,A,157,D,6.0,26.1,2.12
2292,2LZMA,T,A,157,E,2.5,46.3,1.22
2293,2LZMA,T,A,157,F,6.0,26.1,3.73
2294,2LZMA,T,A,157,G,2.0,42.0,1.1
2295,2LZMA,T,A,157,H,2.0,42.0,2.1
2296,2LZMA,T,A,157,I,3.8,54.6,1.79
2297,2LZMA,T,A,157,L,2.5,46.3,1.63
2298,2LZMA,T,A,157,N,2.5,46.3,0.99
2299,2LZMA,T,A,157,R,2.5,46.3,0.54
2300,2LZMA,T,A,157,S,2.0,42.0,0.66
2301,2LZMA,T,A,157,V,2.5,46.3,1.49
2302,2LZMA,A,A,160,T,6.5,43.5,3.12
2303,2NVHA,R,A,4,Q,6.5,25.0,0.57
2304,2NVHA,L,A,6,A,6.5,25.0,2.13
2305,2NVHA,N,A,7,D,6.5,25.0,-0.09
2306,2NVHA,N,A,7,G,6.5,25.0,1.91
2307,2NVHA,C,A,8,A,6.5,25.0,2.02
2308,2NVHA,C,A,8,S,6.5,25.0,3.74
2309,2NVHA,T,A,9,A,6.5,25.0,1.45
2310,2NVHA,T,A,9,G,6.5,25.0,2.91
2311,2NVHA,T,A,9,L,6.5,25.0,1.9
2312,2NVHA,T,A,9,Q,6.5,25.0,2.53
2313,2NVHA,L,A,10,A,6.5,25.0,3.9
2314,2NVHA,K,A,97,G,6.5,25.0,1.65
2315,2NVHA,K,A,97,R,6.5,25.0,1.8
2316,2NVHA,K,A,97,V,6.5,25.0,-1.15
2317,2OCJA,R,A,175,H,7.2,10.0,3.47
2318,2OCJA,C,A,242,S,7.2,10.0,3.3
2319,2OCJA,R,A,248,Q,7.2,10.0,2.03
2320,2OCJA,R,A,249,S,7.2,10.0,1.81
2321,2OCJA,R,A,273,H,7.2,10.0,0.13
2322,2RN2A,D,A,10,A,6.8,48.1,-3.4
2323,2RN2A,D,A,10,E,6.8,48.1,-1.04
2324,2RN2A,D,A,10,H,6.8,48.1,-1.65
2325,2RN2A,D,A,10,N,6.8,48.1,-0.99
2326,2RN2A,D,A,10,S,6.8,48.1,-1.95
2327,2RN2A,G,A,23,A,4.6,51.9,-0.57
2328,2RN2A,A,A,24,V,4.6,51.8,-0.83
2329,2RN2A,R,A,41,C,4.6,51.8,-0.33
2330,2RN2A,E,A,48,A,6.8,48.1,0.23
2331,2RN2A,E,A,48,D,6.8,48.1,0.05
2332,2RN2A,E,A,48,Q,6.8,48.1,-0.15
2333,2RN2A,A,A,52,C,3.2,53.0,-0.8
2334,2RN2A,A,A,52,D,3.2,53.0,1.9
2335,2RN2A,A,A,52,E,3.2,53.0,1.5
2336,2RN2A,A,A,52,F,3.2,53.0,0.5
2337,2RN2A,A,A,52,G,3.2,53.0,2.7
2338,2RN2A,A,A,52,H,3.2,53.0,3.6
2339,2RN2A,A,A,52,I,3.2,53.0,-1.9
2340,2RN2A,A,A,52,L,3.2,53.0,-1.3
2341,2RN2A,A,A,52,M,3.2,53.0,-0.5
2342,2RN2A,A,A,52,N,3.2,53.0,1.8
2343,2RN2A,A,A,52,Q,3.2,53.0,1.2
2344,2RN2A,A,A,52,S,3.2,53.0,1.8
2345,2RN2A,A,A,52,T,3.2,53.0,0.8
2346,2RN2A,A,A,52,V,3.1,51.6,-1.7
2347,2RN2A,A,A,52,Y,3.2,53.0,2.3
2348,2RN2A,I,A,53,D,5.5,25.0,3.1
2349,2RN2A,I,A,53,F,5.5,25.0,3.9
2350,2RN2A,I,A,53,L,5.5,25.0,1.4
2351,2RN2A,I,A,53,V,5.5,25.0,0.2
2352,2RN2A,H,A,62,A,6.4,25.0,-0.44
2353,2RN2A,H,A,62,D,4.6,51.8,-0.13
2354,2RN2A,H,A,62,R,4.6,51.8,-0.22
2355,2RN2A,S,A,68,A,4.6,34.0,0.2
2356,2RN2A,S,A,68,G,4.6,34.0,2.17
2357,2RN2A,S,A,68,L,4.6,34.0,0.82
2358,2RN2A,S,A,68,T,4.6,34.0,0.01
2359,2RN2A,S,A,68,V,4.6,34.0,-0.7
2360,2RN2A,D,A,70,A,6.8,48.1,-0.65
2361,2RN2A,D,A,70,E,6.8,48.1,-0.25
2362,2RN2A,D,A,70,N,6.8,48.1,-0.89
2363,2RN2A,V,A,74,A,4.6,51.2,2.98
2364,2RN2A,V,A,74,I,4.6,51.2,-0.64
2365,2RN2A,V,A,74,L,4.6,51.6,-0.97
2366,2RN2A,Q,A,76,L,3.0,50.1,-0.24
2367,2RN2A,G,A,77,A,3.0,49.8,0.9
2368,2RN2A,Q,A,80,L,3.0,50.1,-0.3
2369,2RN2A,H,A,83,A,6.4,25.0,-0.07
2370,2RN2A,K,A,91,R,4.6,49.8,-0.07
2371,2RN2A,D,A,94,E,4.6,49.8,0.4
2372,2RN2A,K,A,95,A,4.6,49.8,-0.1
2373,2RN2A,K,A,95,G,4.6,49.8,-1.83
2374,2RN2A,K,A,95,N,4.6,50.8,-0.89
2375,2RN2A,H,A,114,A,5.5,25.0,1.87
2376,2RN2A,K,A,117,R,4.6,51.8,-0.0
2377,2RN2A,E,A,119,V,4.6,51.8,-0.51
2378,2RN2A,H,A,124,A,6.4,25.0,-0.17
2379,2RN2A,A,A,125,T,4.6,51.2,-0.04
2380,2RN2A,H,A,127,A,6.4,25.0,0.32
2381,2RN2A,D,A,134,A,5.7,50.1,-1.42
2382,2RN2A,D,A,134,E,4.6,52.0,-0.81
2383,2RN2A,D,A,134,H,4.6,52.0,-1.42
2384,2RN2A,D,A,134,I,4.6,52.0,-1.07
2385,2RN2A,D,A,134,L,4.6,52.0,-1.38
2386,2RN2A,D,A,134,N,5.7,50.1,-0.81
2387,2RN2A,D,A,134,Q,4.6,52.0,-1.02
2388,2RN2A,D,A,134,S,4.6,52.0,-0.79
2389,2RN2A,D,A,134,T,4.6,52.0,-0.74
2390,2RN2A,D,A,134,V,4.6,52.0,-0.83
2391,2RN2A,E,A,135,K,4.6,51.8,0.53
2392,2TRTA,R,A,128,E,7.5,22.0,-0.31
2393,2TRXA,D,A,26,A,7.7,25.0,-4.2
2394,2TRXA,D,A,26,I,7.0,25.0,-3.37
2395,2TRXA,C,A,32,A,7.0,25.0,3.5
2396,2TRXA,C,A,35,A,7.0,25.0,3.03
2397,2TRXA,T,A,66,L,7.0,25.0,1.03
2398,2TRXA,T,A,77,V,7.0,25.0,0.72
2399,2TRXA,L,A,78,K,7.0,85.3,1.95
2400,2TRXA,L,A,78,R,7.0,85.3,2.0
2401,2TS1A,I,A,52,L,7.8,25.0,-0.1
2402,2TS1A,L,A,105,V,7.8,25.0,3.15
2403,3ECAA,T,A,12,A,7.4,25.0,-0.0
2404,3ECAA,T,A,12,S,7.4,25.0,0.24
2405,3ECAA,T,A,119,A,7.4,25.0,-0.0
2406,3ECAA,S,A,122,A,7.4,25.0,-0.96
2407,3GLYA,G,A,137,A,4.5,30.0,0.31
2408,3GLYA,G,A,139,A,4.5,30.0,1.4
2409,3GLYA,G,A,251,A,4.5,30.0,0.14
2410,3GLYA,G,A,383,A,4.5,30.0,-0.11
2411,3HHRA,S,A,71,A,8.0,20.0,1.12
2412,3HHRA,S,A,71,Q,8.0,20.0,1.37
2413,3HHRA,S,A,71,T,8.0,20.0,0.2
2414,3HHRA,S,A,71,V,8.0,20.0,1.26
2415,3HHRA,E,A,74,A,8.0,20.0,0.95
2416,3HHRA,E,A,74,D,8.0,20.0,1.26
2417,3HHRA,E,A,74,L,8.0,20.0,1.01
2418,3HHRA,E,A,74,Q,8.0,20.0,0.71
2419,3HHRA,E,A,74,S,8.0,20.0,1.01
2420,3HHRA,E,A,74,T,8.0,20.0,1.13
2421,3MBPA,V,A,8,G,7.6,25.0,-0.38
2422,3MBPA,W,A,10,A,7.6,25.0,4.31
2423,3MBPA,G,A,19,C,7.6,25.0,2.15
2424,3MBPA,D,A,55,N,7.6,25.0,-0.69
2425,3MBPA,A,A,276,G,7.6,25.0,1.1
2426,3MBPA,Y,A,283,D,7.6,25.0,2.3
2427,3MBPA,T,A,345,I,7.6,25.0,-0.17
2428,3PGKA,Y,A,48,W,7.5,25.0,1.62
2429,3PGKA,Y,A,122,W,7.5,25.0,2.19
2430,3PGKA,F,A,194,W,7.5,25.0,1.12
2431,3PGKA,W,A,308,F,7.5,25.0,2.46
2432,3PGKA,W,A,308,Y,7.5,23.6,1.06
2433,3PGKA,W,A,333,F,7.5,24.1,1.88
2434,3PGKA,W,A,333,Y,7.5,25.0,1.13
2435,3PGKA,H,A,388,Q,6.5,25.0,0.84
2436,3PGKA,L,A,399,W,7.5,25.0,2.56
2437,3SILA,A,A,53,L,7.0,25.0,-0.9
2438,3SILA,A,A,69,V,7.0,25.0,-0.45
2439,3SSIA,V,A,13,A,8.0,82.2,3.42
2440,3SSIA,V,A,13,F,8.0,82.2,2.78
2441,3SSIA,V,A,13,G,8.0,82.2,4.96
2442,3SSIA,V,A,13,I,8.0,82.2,0.44
2443,3SSIA,V,A,13,L,8.0,82.2,1.17
2444,3SSIA,V,A,13,M,8.0,82.2,2.86
2445,3SSIA,M,A,73,A,6.9,53.4,-0.21
2446,3SSIA,M,A,73,D,6.9,53.4,-0.69
2447,3SSIA,M,A,73,E,6.9,53.4,-0.37
2448,3SSIA,M,A,73,G,6.9,53.4,0.11
2449,3SSIA,M,A,73,I,6.9,53.4,0.5
2450,3SSIA,M,A,73,K,6.9,53.4,-0.23
2451,3SSIA,M,A,73,L,6.9,53.4,0.16
2452,3SSIA,M,A,73,V,6.9,53.4,0.35
2453,3SSIA,M,A,103,A,6.9,75.5,1.13
2454,3SSIA,M,A,103,G,8.0,81.6,3.46
2455,3SSIA,M,A,103,I,6.9,75.5,1.01
2456,3SSIA,M,A,103,L,6.9,75.5,-0.08
2457,3SSIA,M,A,103,V,6.9,75.5,0.93
2458,4LYZA,F,A,3,Y,6.4,74.0,0.45
2459,4LYZA,M,A,12,F,2.7,66.0,-0.28
2460,4LYZA,M,A,12,L,2.7,66.0,0.57
2461,4LYZA,H,A,15,L,6.4,74.0,-0.76
2462,4LYZA,N,A,19,K,6.4,74.0,1.06
2463,4LYZA,R,A,21,Q,6.4,74.0,0.15
2464,4LYZA,A,A,31,I,6.4,74.0,-1.4
2465,4LYZA,A,A,31,L,6.4,74.0,-1.8
2466,4LYZA,A,A,31,V,6.4,74.0,-1.2
2467,4LYZA,F,A,34,Y,6.4,74.0,-0.19
2468,4LYZA,E,A,35,A,4.6,35.0,-1.24
2469,4LYZA,E,A,35,H,4.6,35.0,2.45
2470,4LYZA,E,A,35,Q,4.6,35.0,0.64
2471,4LYZA,T,A,40,I,6.4,74.0,2.2
2472,4LYZA,T,A,40,S,6.4,74.0,0.27
2473,4LYZA,N,A,46,D,4.6,35.0,0.44
2474,4LYZA,G,A,49,A,4.2,48.8,1.91
2475,4LYZA,G,A,49,N,9.5,20.0,0.96
2476,4LYZA,I,A,55,A,6.4,74.0,4.4
2477,4LYZA,I,A,55,F,6.4,74.0,2.46
2478,4LYZA,I,A,55,L,6.4,74.0,0.45
2479,4LYZA,I,A,55,M,6.4,74.0,2.27
2480,4LYZA,I,A,55,T,5.8,52.5,4.12
2481,4LYZA,I,A,55,V,6.4,74.0,0.91
2482,4LYZA,I,A,58,M,5.5,35.0,1.18
2483,4LYZA,G,A,67,A,4.2,48.8,1.19
2484,4LYZA,R,A,68,K,6.4,74.0,0.04
2485,4LYZA,G,A,71,A,2.7,65.6,0.38
2486,4LYZA,R,A,73,K,6.4,74.0,-0.23
2487,4LYZA,N,A,77,H,6.4,74.0,0.38
2488,4LYZA,I,A,78,M,5.5,35.0,0.9
2489,4LYZA,S,A,91,A,6.4,74.0,0.15
2490,4LYZA,S,A,91,D,6.4,74.0,2.31
2491,4LYZA,S,A,91,T,6.4,74.0,-0.99
2492,4LYZA,S,A,91,V,6.4,74.0,0.08
2493,4LYZA,S,A,91,Y,6.4,74.0,3.07
2494,4LYZA,C,A,94,A,9.5,20.0,4.78
2495,4LYZA,I,A,98,M,5.5,35.0,0.9
2496,4LYZA,D,A,101,A,6.4,74.0,-0.76
2497,4LYZA,D,A,101,E,6.4,74.0,-0.0
2498,4LYZA,D,A,101,F,6.4,74.0,-0.72
2499,4LYZA,D,A,101,G,6.4,74.0,-0.45
2500,4LYZA,D,A,101,K,6.4,74.0,-0.19
2501,4LYZA,D,A,101,N,6.4,74.0,-0.04
2502,4LYZA,D,A,101,Q,6.4,74.0,0.08
2503,4LYZA,D,A,101,R,6.4,74.0,-0.27
2504,4LYZA,D,A,101,S,6.4,74.0,-0.87
2505,4LYZA,G,A,102,A,2.7,65.6,-0.02
2506,4LYZA,G,A,102,R,6.4,74.0,-0.38
2507,4LYZA,G,A,102,V,6.4,74.0,0.04
2508,4LYZA,N,A,103,D,9.5,20.0,-0.24
2509,4LYZA,M,A,105,T,9.5,20.0,0.24
2510,4LYZA,W,A,108,Q,4.6,35.0,3.95
2511,4LYZA,W,A,108,Y,4.6,35.0,1.92
2512,4LYZA,R,A,114,H,6.4,74.0,-0.68
2513,4LYZA,G,A,117,A,2.7,65.6,1.46
2514,4LYZA,Q,A,121,H,6.4,74.0,0.45
2515,5CROA,Q,A,16,L,3.0,45.0,-1.4
2516,5CROA,Y,A,26,C,5.8,45.0,-1.1
2517,5CROA,Y,A,26,D,7.0,45.0,-1.35
2518,5CROA,Y,A,26,F,7.0,45.0,-0.2
2519,5CROA,Y,A,26,H,7.0,45.0,-0.95
2520,5CROA,Y,A,26,L,7.0,45.0,-0.55
2521,5CROA,Y,A,26,Q,7.0,45.0,-0.7
2522,5CROA,Y,A,26,V,7.0,45.0,-0.45
2523,5CROA,Y,A,26,W,7.0,45.0,0.05
2524,5CROA,A,A,36,S,3.0,45.0,-0.2
2525,5DFRA,I,A,2,V,7.8,15.0,0.55
2526,5DFRA,G,A,15,A,7.8,15.0,-0.44
2527,5DFRA,W,A,22,L,7.8,15.0,0.31
2528,5DFRA,L,A,24,V,7.8,15.0,1.29
2529,5DFRA,D,A,27,N,7.8,15.0,-1.21
2530,5DFRA,L,A,28,R,7.8,15.0,-1.08
2531,5DFRA,W,A,30,A,7.8,15.0,2.03
2532,5DFRA,W,A,30,E,7.8,15.0,2.42
2533,5DFRA,W,A,30,H,7.8,15.0,2.44
2534,5DFRA,W,A,30,M,7.8,15.0,1.94
2535,5DFRA,W,A,30,N,7.8,15.0,2.07
2536,5DFRA,W,A,30,R,7.8,15.0,2.09
2537,5DFRA,W,A,30,S,7.8,15.0,2.29
2538,5DFRA,W,A,30,Y,7.8,15.0,1.79
2539,5DFRA,F,A,31,A,7.8,15.0,1.72
2540,5DFRA,F,A,31,V,7.8,15.0,1.46
2541,5DFRA,T,A,35,A,7.8,15.0,1.1
2542,5DFRA,V,A,40,A,7.8,15.0,1.59
2543,5DFRA,V,A,40,F,7.8,15.0,1.99
2544,5DFRA,V,A,40,H,7.8,15.0,2.76
2545,5DFRA,V,A,40,I,7.8,15.0,0.5
2546,5DFRA,V,A,40,L,7.8,15.0,0.78
2547,5DFRA,V,A,40,M,7.8,15.0,1.27
2548,5DFRA,V,A,40,N,7.8,15.0,1.82
2549,5DFRA,V,A,40,R,7.8,15.0,1.38
2550,5DFRA,V,A,40,S,7.8,15.0,2.04
2551,5DFRA,G,A,43,A,7.8,15.0,0.48
2552,5DFRA,R,A,44,A,7.8,15.0,0.94
2553,5DFRA,R,A,44,L,7.8,15.0,-0.78
2554,5DFRA,L,A,54,V,7.8,15.0,0.32
2555,5DFRA,N,A,59,C,7.8,15.0,-0.24
2556,5DFRA,N,A,59,E,7.8,15.0,1.36
2557,5DFRA,N,A,59,G,7.8,15.0,2.01
2558,5DFRA,N,A,59,H,7.8,15.0,0.81
2559,5DFRA,N,A,59,I,7.8,15.0,-0.13
2560,5DFRA,N,A,59,K,7.8,15.0,1.55
2561,5DFRA,N,A,59,L,7.8,15.0,-0.01
2562,5DFRA,N,A,59,M,7.8,15.0,0.14
2563,5DFRA,N,A,59,Q,7.8,15.0,0.35
2564,5DFRA,N,A,59,S,7.8,15.0,1.26
2565,5DFRA,N,A,59,T,7.8,15.0,0.05
2566,5DFRA,N,A,59,V,7.8,15.0,-0.36
2567,5DFRA,N,A,59,W,7.8,15.0,0.79
2568,5DFRA,I,A,61,L,7.8,15.0,0.36
2569,5DFRA,I,A,61,V,7.8,15.0,0.83
2570,5DFRA,G,A,67,A,7.0,15.0,0.05
2571,5DFRA,G,A,67,C,7.0,15.0,0.51
2572,5DFRA,G,A,67,D,7.0,15.0,0.58
2573,5DFRA,G,A,67,L,7.0,15.0,0.51
2574,5DFRA,G,A,67,S,7.0,15.0,0.27
2575,5DFRA,G,A,67,T,7.0,15.0,0.62
2576,5DFRA,G,A,67,V,7.0,15.0,0.7
2577,5DFRA,W,A,74,F,7.8,15.0,1.2
2578,5DFRA,V,A,75,A,7.8,15.0,0.05
2579,5DFRA,V,A,75,C,7.8,15.0,0.05
2580,5DFRA,V,A,75,H,7.1,15.0,1.72
2581,5DFRA,V,A,75,I,7.8,15.0,1.65
2582,5DFRA,V,A,75,R,7.8,15.0,2.0
2583,5DFRA,V,A,75,S,7.8,15.0,0.8
2584,5DFRA,V,A,75,Y,7.8,15.0,1.8
2585,5DFRA,C,A,85,S,7.8,15.0,0.97
2586,5DFRA,V,A,88,A,7.2,20.0,-0.29
2587,5DFRA,V,A,88,I,7.2,20.0,0.49
2588,5DFRA,I,A,91,L,7.8,15.0,1.5
2589,5DFRA,I,A,91,V,7.8,15.0,1.34
2590,5DFRA,I,A,94,L,7.8,15.0,0.63
2591,5DFRA,I,A,94,V,7.8,15.0,0.67
2592,5DFRA,G,A,95,A,7.8,15.0,0.9
2593,5DFRA,L,A,112,I,7.8,15.0,0.25
2594,5DFRA,L,A,112,V,7.8,15.0,1.39
2595,5DFRA,T,A,113,V,7.8,15.0,0.91
2596,5DFRA,G,A,121,A,7.0,15.0,0.01
2597,5DFRA,G,A,121,C,7.0,15.0,0.22
2598,5DFRA,G,A,121,D,7.0,15.0,0.34
2599,5DFRA,G,A,121,H,7.0,15.0,0.56
2600,5DFRA,G,A,121,L,7.0,15.0,0.58
2601,5DFRA,G,A,121,S,7.0,15.0,0.08
2602,5DFRA,G,A,121,V,7.0,15.0,0.99
2603,5DFRA,G,A,121,Y,7.0,15.0,0.51
2604,5DFRA,D,A,122,A,7.8,15.0,1.0
2605,5DFRA,E,A,139,K,7.8,15.0,1.59
2606,5DFRA,E,A,139,Q,7.8,15.0,0.89
2607,5DFRA,S,A,148,A,7.8,15.0,0.42
2608,5DFRA,S,A,148,E,7.8,15.0,0.61
2609,5DFRA,S,A,148,K,7.8,15.0,0.38
2610,5DFRA,S,A,148,N,7.8,15.0,0.88
2611,5DFRA,S,A,148,R,7.8,15.0,0.66
2612,5DFRA,S,A,148,T,7.8,15.0,0.41
2613,5DFRA,S,A,148,V,7.8,15.0,0.35
2614,5DFRA,C,A,152,E,7.8,15.0,0.97
2615,5DFRA,I,A,155,A,7.8,15.0,2.99
2616,5DFRA,I,A,155,D,7.8,15.0,3.19
2617,5DFRA,I,A,155,E,7.8,15.0,2.62
2618,5DFRA,I,A,155,K,7.8,15.0,2.69
2619,5DFRA,I,A,155,L,7.8,15.0,1.63
2620,5DFRA,I,A,155,Q,7.8,15.0,3.01
2621,5DFRA,I,A,155,R,7.8,15.0,2.65
2622,5DFRA,I,A,155,S,7.8,15.0,3.09
2623,5DFRA,I,A,155,T,7.8,15.0,2.53
2624,5DFRA,I,A,155,V,7.8,15.0,0.03
2625,5DFRA,I,A,155,W,7.8,15.0,3.21
2626,5DFRA,I,A,155,Y,7.8,15.0,2.85
2627,5PTIA,F,A,4,L,8.7,25.0,2.2
2628,5PTIA,Y,A,10,L,8.7,25.0,2.9
2629,5PTIA,G,A,12,D,8.7,25.0,4.3
2630,5PTIA,G,A,12,V,8.7,25.0,4.1
2631,5PTIA,A,A,16,T,8.7,25.0,1.7
2632,5PTIA,A,A,16,V,8.7,25.0,1.3
2633,5PTIA,Y,A,21,A,2.0,20.0,3.9
2634,5PTIA,Y,A,21,L,8.7,25.0,3.4
2635,5PTIA,F,A,22,A,2.0,22.7,1.11
2636,5PTIA,F,A,33,I,8.7,25.0,2.4
2637,5PTIA,F,A,33,L,8.7,25.0,2.7
2638,5PTIA,Y,A,35,A,8.7,25.0,4.7
2639,5PTIA,Y,A,35,D,8.7,25.0,3.8
2640,5PTIA,Y,A,35,F,8.7,25.0,0.6
2641,5PTIA,Y,A,35,G,5.4,25.0,5.0
2642,5PTIA,Y,A,35,N,8.7,25.0,3.7
2643,5PTIA,G,A,36,D,8.7,25.0,2.8
2644,5PTIA,G,A,36,S,4.6,72.6,0.7
2645,5PTIA,G,A,37,A,5.5,23.9,3.01
2646,5PTIA,G,A,37,D,8.7,25.0,1.7
2647,5PTIA,N,A,44,G,2.0,25.0,4.7
